{
  "jobName" : "job_1593115633826_0019",
  "paths" : [ "hdfs://nodemaster:9000/tmp/hive/hadoop/86b1dd3f-9977-46b0-930b-f80280297d0b/hive_2020-06-25_20-21-36_022_8662532113544555266-1/-mr-10005", "hdfs://nodemaster:9000/tmp/hive/hadoop/86b1dd3f-9977-46b0-930b-f80280297d0b/hive_2020-06-25_20-21-36_022_8662532113544555266-1/-mr-10008" ],
  "locations" : [ "node5", "node10" ],
  "jobDataPaths" : [ {
    "path" : "hdfs://nodemaster:9000/tmp/hive/hadoop/86b1dd3f-9977-46b0-930b-f80280297d0b/hive_2020-06-25_20-21-36_022_8662532113544555266-1/-mr-10005",
    "filesList" : [ {
      "file" : "HdfsLocatedFileStatus{path=hdfs://nodemaster:9000/tmp/hive/hadoop/86b1dd3f-9977-46b0-930b-f80280297d0b/hive_2020-06-25_20-21-36_022_8662532113544555266-1/-mr-10005/000000_0; isDirectory=false; length=1575089; replication=3; blocksize=134217728; modification_time=1593116635998; access_time=1593116635730; owner=hadoop; group=supergroup; permission=rw-r--r--; isSymlink=false; hasAcl=false; isEncrypted=false; isErasureCoded=false}",
      "blockList" : [ {
        "blockId" : 0,
        "replicaList" : [ {
          "replicaId" : 1,
          "location" : "172.18.0.6:9866",
          "storageId" : "DS-510f936c-71ef-4876-b5f2-3cf96b4fbb3d",
          "storageType" : "DISK",
          "topologyPath" : "/default-rack/172.18.0.6:9866"
        }, {
          "replicaId" : 2,
          "location" : "172.18.0.11:9866",
          "storageId" : "DS-efbcd717-8ac4-420f-b69d-86268e701d33",
          "storageType" : "DISK",
          "topologyPath" : "/default-rack/172.18.0.11:9866"
        }, {
          "replicaId" : 3,
          "location" : "172.18.0.4:9866",
          "storageId" : "DS-9ec31762-7ca3-4ec0-b265-6ff0b16012c4",
          "storageType" : "DISK",
          "topologyPath" : "/default-rack/172.18.0.4:9866"
        } ]
      } ]
    } ]
  }, {
    "path" : "hdfs://nodemaster:9000/tmp/hive/hadoop/86b1dd3f-9977-46b0-930b-f80280297d0b/hive_2020-06-25_20-21-36_022_8662532113544555266-1/-mr-10008",
    "filesList" : [ {
      "file" : "HdfsLocatedFileStatus{path=hdfs://nodemaster:9000/tmp/hive/hadoop/86b1dd3f-9977-46b0-930b-f80280297d0b/hive_2020-06-25_20-21-36_022_8662532113544555266-1/-mr-10008/000000_0; isDirectory=false; length=93795; replication=3; blocksize=134217728; modification_time=1593116724813; access_time=1593116724056; owner=hadoop; group=supergroup; permission=rw-r--r--; isSymlink=false; hasAcl=false; isEncrypted=false; isErasureCoded=false}",
      "blockList" : [ {
        "blockId" : 0,
        "replicaList" : [ {
          "replicaId" : 1,
          "location" : "172.18.0.11:9866",
          "storageId" : "DS-efbcd717-8ac4-420f-b69d-86268e701d33",
          "storageType" : "DISK",
          "topologyPath" : "/default-rack/172.18.0.11:9866"
        }, {
          "replicaId" : 2,
          "location" : "172.18.0.10:9866",
          "storageId" : "DS-51bc4e0b-7688-4fed-b582-5ceb97621812",
          "storageType" : "DISK",
          "topologyPath" : "/default-rack/172.18.0.10:9866"
        }, {
          "replicaId" : 3,
          "location" : "172.18.0.7:9866",
          "storageId" : "DS-59b638d8-2e96-4a0b-b1f4-27e72579b7c8",
          "storageType" : "DISK",
          "topologyPath" : "/default-rack/172.18.0.7:9866"
        } ]
      } ]
    } ]
  } ]
}