{
  "jobName" : "job_1593290710710_0100",
  "paths" : [ "hdfs://nodemaster:9000/tmp/hive/hadoop/57af504c-1b92-4ec6-a13d-9ecf7d6ada1b/hive_2020-06-27_22-08-49_423_5193069417829395790-1/-mr-10005", "hdfs://nodemaster:9000/tmp/hive/hadoop/57af504c-1b92-4ec6-a13d-9ecf7d6ada1b/hive_2020-06-27_22-08-49_423_5193069417829395790-1/-mr-10009" ],
  "locations" : [ "node4", "node10", "node5", "node11", "node2", "node10" ],
  "jobDataPaths" : [ {
    "path" : "hdfs://nodemaster:9000/tmp/hive/hadoop/57af504c-1b92-4ec6-a13d-9ecf7d6ada1b/hive_2020-06-27_22-08-49_423_5193069417829395790-1/-mr-10005",
    "filesList" : [ {
      "file" : "HdfsLocatedFileStatus{path=hdfs://nodemaster:9000/tmp/hive/hadoop/57af504c-1b92-4ec6-a13d-9ecf7d6ada1b/hive_2020-06-27_22-08-49_423_5193069417829395790-1/-mr-10005/000000_0; isDirectory=false; length=1015349; replication=3; blocksize=134217728; modification_time=1593295891988; access_time=1593295880262; owner=hadoop; group=supergroup; permission=rw-r--r--; isSymlink=false; hasAcl=false; isEncrypted=false; isErasureCoded=false}",
      "blockList" : [ {
        "blockId" : 0,
        "replicaList" : [ {
          "replicaId" : 1,
          "location" : "172.18.0.5:9866",
          "storageId" : "DS-a1ff18c6-fbd0-4e6a-9bb0-3734720c263c",
          "storageType" : "DISK",
          "topologyPath" : "/default-rack/172.18.0.5:9866"
        }, {
          "replicaId" : 2,
          "location" : "172.18.0.8:9866",
          "storageId" : "DS-59ecb24f-d3cd-4cdf-8fcb-3eb3542e163a",
          "storageType" : "DISK",
          "topologyPath" : "/default-rack/172.18.0.8:9866"
        }, {
          "replicaId" : 3,
          "location" : "172.18.0.9:9866",
          "storageId" : "DS-2e6d2d13-9a3b-42cf-ad39-585f68a234f3",
          "storageType" : "DISK",
          "topologyPath" : "/default-rack/172.18.0.9:9866"
        } ]
      } ]
    }, {
      "file" : "HdfsLocatedFileStatus{path=hdfs://nodemaster:9000/tmp/hive/hadoop/57af504c-1b92-4ec6-a13d-9ecf7d6ada1b/hive_2020-06-27_22-08-49_423_5193069417829395790-1/-mr-10005/000001_0; isDirectory=false; length=1036397; replication=3; blocksize=134217728; modification_time=1593295892733; access_time=1593295880848; owner=hadoop; group=supergroup; permission=rw-r--r--; isSymlink=false; hasAcl=false; isEncrypted=false; isErasureCoded=false}",
      "blockList" : [ {
        "blockId" : 0,
        "replicaList" : [ {
          "replicaId" : 1,
          "location" : "172.18.0.11:9866",
          "storageId" : "DS-4dcc10cd-aa5e-4cf7-a214-b0b185f786c0",
          "storageType" : "DISK",
          "topologyPath" : "/default-rack/172.18.0.11:9866"
        }, {
          "replicaId" : 2,
          "location" : "172.18.0.6:9866",
          "storageId" : "DS-620ce234-90b2-4333-86ca-a20de1cf9d2f",
          "storageType" : "DISK",
          "topologyPath" : "/default-rack/172.18.0.6:9866"
        }, {
          "replicaId" : 3,
          "location" : "172.18.0.12:9866",
          "storageId" : "DS-28a687e0-7c37-4875-ae56-fc857f2aedd3",
          "storageType" : "DISK",
          "topologyPath" : "/default-rack/172.18.0.12:9866"
        } ]
      } ]
    }, {
      "file" : "HdfsLocatedFileStatus{path=hdfs://nodemaster:9000/tmp/hive/hadoop/57af504c-1b92-4ec6-a13d-9ecf7d6ada1b/hive_2020-06-27_22-08-49_423_5193069417829395790-1/-mr-10005/000002_0; isDirectory=false; length=1020395; replication=3; blocksize=134217728; modification_time=1593295893107; access_time=1593295877246; owner=hadoop; group=supergroup; permission=rw-r--r--; isSymlink=false; hasAcl=false; isEncrypted=false; isErasureCoded=false}",
      "blockList" : [ {
        "blockId" : 0,
        "replicaList" : [ {
          "replicaId" : 1,
          "location" : "172.18.0.3:9866",
          "storageId" : "DS-f654c918-ed27-4a0b-adde-225680fca75e",
          "storageType" : "DISK",
          "topologyPath" : "/default-rack/172.18.0.3:9866"
        }, {
          "replicaId" : 2,
          "location" : "172.18.0.10:9866",
          "storageId" : "DS-9c660096-8408-4d69-8580-89607392de2b",
          "storageType" : "DISK",
          "topologyPath" : "/default-rack/172.18.0.10:9866"
        }, {
          "replicaId" : 3,
          "location" : "172.18.0.8:9866",
          "storageId" : "DS-59ecb24f-d3cd-4cdf-8fcb-3eb3542e163a",
          "storageType" : "DISK",
          "topologyPath" : "/default-rack/172.18.0.8:9866"
        } ]
      } ]
    }, {
      "file" : "HdfsLocatedFileStatus{path=hdfs://nodemaster:9000/tmp/hive/hadoop/57af504c-1b92-4ec6-a13d-9ecf7d6ada1b/hive_2020-06-27_22-08-49_423_5193069417829395790-1/-mr-10005/000003_0; isDirectory=false; length=1004793; replication=3; blocksize=134217728; modification_time=1593295890609; access_time=1593295878543; owner=hadoop; group=supergroup; permission=rw-r--r--; isSymlink=false; hasAcl=false; isEncrypted=false; isErasureCoded=false}",
      "blockList" : [ {
        "blockId" : 0,
        "replicaList" : [ {
          "replicaId" : 1,
          "location" : "172.18.0.6:9866",
          "storageId" : "DS-620ce234-90b2-4333-86ca-a20de1cf9d2f",
          "storageType" : "DISK",
          "topologyPath" : "/default-rack/172.18.0.6:9866"
        }, {
          "replicaId" : 2,
          "location" : "172.18.0.10:9866",
          "storageId" : "DS-9c660096-8408-4d69-8580-89607392de2b",
          "storageType" : "DISK",
          "topologyPath" : "/default-rack/172.18.0.10:9866"
        }, {
          "replicaId" : 3,
          "location" : "172.18.0.9:9866",
          "storageId" : "DS-2e6d2d13-9a3b-42cf-ad39-585f68a234f3",
          "storageType" : "DISK",
          "topologyPath" : "/default-rack/172.18.0.9:9866"
        } ]
      } ]
    }, {
      "file" : "HdfsLocatedFileStatus{path=hdfs://nodemaster:9000/tmp/hive/hadoop/57af504c-1b92-4ec6-a13d-9ecf7d6ada1b/hive_2020-06-27_22-08-49_423_5193069417829395790-1/-mr-10005/000004_0; isDirectory=false; length=1027164; replication=3; blocksize=134217728; modification_time=1593295893574; access_time=1593295880184; owner=hadoop; group=supergroup; permission=rw-r--r--; isSymlink=false; hasAcl=false; isEncrypted=false; isErasureCoded=false}",
      "blockList" : [ {
        "blockId" : 0,
        "replicaList" : [ {
          "replicaId" : 1,
          "location" : "172.18.0.10:9866",
          "storageId" : "DS-9c660096-8408-4d69-8580-89607392de2b",
          "storageType" : "DISK",
          "topologyPath" : "/default-rack/172.18.0.10:9866"
        }, {
          "replicaId" : 2,
          "location" : "172.18.0.11:9866",
          "storageId" : "DS-4dcc10cd-aa5e-4cf7-a214-b0b185f786c0",
          "storageType" : "DISK",
          "topologyPath" : "/default-rack/172.18.0.11:9866"
        }, {
          "replicaId" : 3,
          "location" : "172.18.0.8:9866",
          "storageId" : "DS-59ecb24f-d3cd-4cdf-8fcb-3eb3542e163a",
          "storageType" : "DISK",
          "topologyPath" : "/default-rack/172.18.0.8:9866"
        } ]
      } ]
    }, {
      "file" : "HdfsLocatedFileStatus{path=hdfs://nodemaster:9000/tmp/hive/hadoop/57af504c-1b92-4ec6-a13d-9ecf7d6ada1b/hive_2020-06-27_22-08-49_423_5193069417829395790-1/-mr-10005/000005_0; isDirectory=false; length=999797; replication=3; blocksize=134217728; modification_time=1593295894952; access_time=1593295880997; owner=hadoop; group=supergroup; permission=rw-r--r--; isSymlink=false; hasAcl=false; isEncrypted=false; isErasureCoded=false}",
      "blockList" : [ {
        "blockId" : 0,
        "replicaList" : [ {
          "replicaId" : 1,
          "location" : "172.18.0.8:9866",
          "storageId" : "DS-59ecb24f-d3cd-4cdf-8fcb-3eb3542e163a",
          "storageType" : "DISK",
          "topologyPath" : "/default-rack/172.18.0.8:9866"
        }, {
          "replicaId" : 2,
          "location" : "172.18.0.7:9866",
          "storageId" : "DS-5eb6433f-20c9-4afc-8309-7bf36e18d8d7",
          "storageType" : "DISK",
          "topologyPath" : "/default-rack/172.18.0.7:9866"
        }, {
          "replicaId" : 3,
          "location" : "172.18.0.12:9866",
          "storageId" : "DS-28a687e0-7c37-4875-ae56-fc857f2aedd3",
          "storageType" : "DISK",
          "topologyPath" : "/default-rack/172.18.0.12:9866"
        } ]
      } ]
    }, {
      "file" : "HdfsLocatedFileStatus{path=hdfs://nodemaster:9000/tmp/hive/hadoop/57af504c-1b92-4ec6-a13d-9ecf7d6ada1b/hive_2020-06-27_22-08-49_423_5193069417829395790-1/-mr-10005/000006_0; isDirectory=false; length=1013167; replication=3; blocksize=134217728; modification_time=1593295897806; access_time=1593295886915; owner=hadoop; group=supergroup; permission=rw-r--r--; isSymlink=false; hasAcl=false; isEncrypted=false; isErasureCoded=false}",
      "blockList" : [ {
        "blockId" : 0,
        "replicaList" : [ {
          "replicaId" : 1,
          "location" : "172.18.0.4:9866",
          "storageId" : "DS-d24d0df7-7569-4ab9-8c45-f0dfd753a140",
          "storageType" : "DISK",
          "topologyPath" : "/default-rack/172.18.0.4:9866"
        }, {
          "replicaId" : 2,
          "location" : "172.18.0.5:9866",
          "storageId" : "DS-a1ff18c6-fbd0-4e6a-9bb0-3734720c263c",
          "storageType" : "DISK",
          "topologyPath" : "/default-rack/172.18.0.5:9866"
        }, {
          "replicaId" : 3,
          "location" : "172.18.0.11:9866",
          "storageId" : "DS-4dcc10cd-aa5e-4cf7-a214-b0b185f786c0",
          "storageType" : "DISK",
          "topologyPath" : "/default-rack/172.18.0.11:9866"
        } ]
      } ]
    }, {
      "file" : "HdfsLocatedFileStatus{path=hdfs://nodemaster:9000/tmp/hive/hadoop/57af504c-1b92-4ec6-a13d-9ecf7d6ada1b/hive_2020-06-27_22-08-49_423_5193069417829395790-1/-mr-10005/000007_0; isDirectory=false; length=998818; replication=3; blocksize=134217728; modification_time=1593295897537; access_time=1593295888840; owner=hadoop; group=supergroup; permission=rw-r--r--; isSymlink=false; hasAcl=false; isEncrypted=false; isErasureCoded=false}",
      "blockList" : [ {
        "blockId" : 0,
        "replicaList" : [ {
          "replicaId" : 1,
          "location" : "172.18.0.10:9866",
          "storageId" : "DS-9c660096-8408-4d69-8580-89607392de2b",
          "storageType" : "DISK",
          "topologyPath" : "/default-rack/172.18.0.10:9866"
        }, {
          "replicaId" : 2,
          "location" : "172.18.0.4:9866",
          "storageId" : "DS-d24d0df7-7569-4ab9-8c45-f0dfd753a140",
          "storageType" : "DISK",
          "topologyPath" : "/default-rack/172.18.0.4:9866"
        }, {
          "replicaId" : 3,
          "location" : "172.18.0.11:9866",
          "storageId" : "DS-4dcc10cd-aa5e-4cf7-a214-b0b185f786c0",
          "storageType" : "DISK",
          "topologyPath" : "/default-rack/172.18.0.11:9866"
        } ]
      } ]
    }, {
      "file" : "HdfsLocatedFileStatus{path=hdfs://nodemaster:9000/tmp/hive/hadoop/57af504c-1b92-4ec6-a13d-9ecf7d6ada1b/hive_2020-06-27_22-08-49_423_5193069417829395790-1/-mr-10005/000008_0; isDirectory=false; length=96; replication=3; blocksize=134217728; modification_time=1593295897704; access_time=1593295897511; owner=hadoop; group=supergroup; permission=rw-r--r--; isSymlink=false; hasAcl=false; isEncrypted=false; isErasureCoded=false}",
      "blockList" : [ {
        "blockId" : 0,
        "replicaList" : [ {
          "replicaId" : 1,
          "location" : "172.18.0.9:9866",
          "storageId" : "DS-2e6d2d13-9a3b-42cf-ad39-585f68a234f3",
          "storageType" : "DISK",
          "topologyPath" : "/default-rack/172.18.0.9:9866"
        }, {
          "replicaId" : 2,
          "location" : "172.18.0.8:9866",
          "storageId" : "DS-59ecb24f-d3cd-4cdf-8fcb-3eb3542e163a",
          "storageType" : "DISK",
          "topologyPath" : "/default-rack/172.18.0.8:9866"
        }, {
          "replicaId" : 3,
          "location" : "172.18.0.6:9866",
          "storageId" : "DS-620ce234-90b2-4333-86ca-a20de1cf9d2f",
          "storageType" : "DISK",
          "topologyPath" : "/default-rack/172.18.0.6:9866"
        } ]
      } ]
    }, {
      "file" : "HdfsLocatedFileStatus{path=hdfs://nodemaster:9000/tmp/hive/hadoop/57af504c-1b92-4ec6-a13d-9ecf7d6ada1b/hive_2020-06-27_22-08-49_423_5193069417829395790-1/-mr-10005/000009_0; isDirectory=false; length=96; replication=3; blocksize=134217728; modification_time=1593295888240; access_time=1593295888105; owner=hadoop; group=supergroup; permission=rw-r--r--; isSymlink=false; hasAcl=false; isEncrypted=false; isErasureCoded=false}",
      "blockList" : [ {
        "blockId" : 0,
        "replicaList" : [ {
          "replicaId" : 1,
          "location" : "172.18.0.7:9866",
          "storageId" : "DS-5eb6433f-20c9-4afc-8309-7bf36e18d8d7",
          "storageType" : "DISK",
          "topologyPath" : "/default-rack/172.18.0.7:9866"
        }, {
          "replicaId" : 2,
          "location" : "172.18.0.3:9866",
          "storageId" : "DS-f654c918-ed27-4a0b-adde-225680fca75e",
          "storageType" : "DISK",
          "topologyPath" : "/default-rack/172.18.0.3:9866"
        }, {
          "replicaId" : 3,
          "location" : "172.18.0.10:9866",
          "storageId" : "DS-9c660096-8408-4d69-8580-89607392de2b",
          "storageType" : "DISK",
          "topologyPath" : "/default-rack/172.18.0.10:9866"
        } ]
      } ]
    }, {
      "file" : "HdfsLocatedFileStatus{path=hdfs://nodemaster:9000/tmp/hive/hadoop/57af504c-1b92-4ec6-a13d-9ecf7d6ada1b/hive_2020-06-27_22-08-49_423_5193069417829395790-1/-mr-10005/000010_0; isDirectory=false; length=96; replication=3; blocksize=134217728; modification_time=1593295896898; access_time=1593295896719; owner=hadoop; group=supergroup; permission=rw-r--r--; isSymlink=false; hasAcl=false; isEncrypted=false; isErasureCoded=false}",
      "blockList" : [ {
        "blockId" : 0,
        "replicaList" : [ {
          "replicaId" : 1,
          "location" : "172.18.0.7:9866",
          "storageId" : "DS-5eb6433f-20c9-4afc-8309-7bf36e18d8d7",
          "storageType" : "DISK",
          "topologyPath" : "/default-rack/172.18.0.7:9866"
        }, {
          "replicaId" : 2,
          "location" : "172.18.0.9:9866",
          "storageId" : "DS-2e6d2d13-9a3b-42cf-ad39-585f68a234f3",
          "storageType" : "DISK",
          "topologyPath" : "/default-rack/172.18.0.9:9866"
        }, {
          "replicaId" : 3,
          "location" : "172.18.0.5:9866",
          "storageId" : "DS-a1ff18c6-fbd0-4e6a-9bb0-3734720c263c",
          "storageType" : "DISK",
          "topologyPath" : "/default-rack/172.18.0.5:9866"
        } ]
      } ]
    }, {
      "file" : "HdfsLocatedFileStatus{path=hdfs://nodemaster:9000/tmp/hive/hadoop/57af504c-1b92-4ec6-a13d-9ecf7d6ada1b/hive_2020-06-27_22-08-49_423_5193069417829395790-1/-mr-10005/000011_0; isDirectory=false; length=96; replication=3; blocksize=134217728; modification_time=1593295897777; access_time=1593295897691; owner=hadoop; group=supergroup; permission=rw-r--r--; isSymlink=false; hasAcl=false; isEncrypted=false; isErasureCoded=false}",
      "blockList" : [ {
        "blockId" : 0,
        "replicaList" : [ {
          "replicaId" : 1,
          "location" : "172.18.0.3:9866",
          "storageId" : "DS-f654c918-ed27-4a0b-adde-225680fca75e",
          "storageType" : "DISK",
          "topologyPath" : "/default-rack/172.18.0.3:9866"
        }, {
          "replicaId" : 2,
          "location" : "172.18.0.12:9866",
          "storageId" : "DS-28a687e0-7c37-4875-ae56-fc857f2aedd3",
          "storageType" : "DISK",
          "topologyPath" : "/default-rack/172.18.0.12:9866"
        }, {
          "replicaId" : 3,
          "location" : "172.18.0.6:9866",
          "storageId" : "DS-620ce234-90b2-4333-86ca-a20de1cf9d2f",
          "storageType" : "DISK",
          "topologyPath" : "/default-rack/172.18.0.6:9866"
        } ]
      } ]
    }, {
      "file" : "HdfsLocatedFileStatus{path=hdfs://nodemaster:9000/tmp/hive/hadoop/57af504c-1b92-4ec6-a13d-9ecf7d6ada1b/hive_2020-06-27_22-08-49_423_5193069417829395790-1/-mr-10005/000012_0; isDirectory=false; length=96; replication=3; blocksize=134217728; modification_time=1593295897979; access_time=1593295897918; owner=hadoop; group=supergroup; permission=rw-r--r--; isSymlink=false; hasAcl=false; isEncrypted=false; isErasureCoded=false}",
      "blockList" : [ {
        "blockId" : 0,
        "replicaList" : [ {
          "replicaId" : 1,
          "location" : "172.18.0.6:9866",
          "storageId" : "DS-620ce234-90b2-4333-86ca-a20de1cf9d2f",
          "storageType" : "DISK",
          "topologyPath" : "/default-rack/172.18.0.6:9866"
        }, {
          "replicaId" : 2,
          "location" : "172.18.0.7:9866",
          "storageId" : "DS-5eb6433f-20c9-4afc-8309-7bf36e18d8d7",
          "storageType" : "DISK",
          "topologyPath" : "/default-rack/172.18.0.7:9866"
        }, {
          "replicaId" : 3,
          "location" : "172.18.0.4:9866",
          "storageId" : "DS-d24d0df7-7569-4ab9-8c45-f0dfd753a140",
          "storageType" : "DISK",
          "topologyPath" : "/default-rack/172.18.0.4:9866"
        } ]
      } ]
    }, {
      "file" : "HdfsLocatedFileStatus{path=hdfs://nodemaster:9000/tmp/hive/hadoop/57af504c-1b92-4ec6-a13d-9ecf7d6ada1b/hive_2020-06-27_22-08-49_423_5193069417829395790-1/-mr-10005/000013_0; isDirectory=false; length=96; replication=3; blocksize=134217728; modification_time=1593295886629; access_time=1593295886290; owner=hadoop; group=supergroup; permission=rw-r--r--; isSymlink=false; hasAcl=false; isEncrypted=false; isErasureCoded=false}",
      "blockList" : [ {
        "blockId" : 0,
        "replicaList" : [ {
          "replicaId" : 1,
          "location" : "172.18.0.9:9866",
          "storageId" : "DS-2e6d2d13-9a3b-42cf-ad39-585f68a234f3",
          "storageType" : "DISK",
          "topologyPath" : "/default-rack/172.18.0.9:9866"
        }, {
          "replicaId" : 2,
          "location" : "172.18.0.6:9866",
          "storageId" : "DS-620ce234-90b2-4333-86ca-a20de1cf9d2f",
          "storageType" : "DISK",
          "topologyPath" : "/default-rack/172.18.0.6:9866"
        }, {
          "replicaId" : 3,
          "location" : "172.18.0.3:9866",
          "storageId" : "DS-f654c918-ed27-4a0b-adde-225680fca75e",
          "storageType" : "DISK",
          "topologyPath" : "/default-rack/172.18.0.3:9866"
        } ]
      } ]
    }, {
      "file" : "HdfsLocatedFileStatus{path=hdfs://nodemaster:9000/tmp/hive/hadoop/57af504c-1b92-4ec6-a13d-9ecf7d6ada1b/hive_2020-06-27_22-08-49_423_5193069417829395790-1/-mr-10005/000014_0; isDirectory=false; length=96; replication=3; blocksize=134217728; modification_time=1593295897672; access_time=1593295897532; owner=hadoop; group=supergroup; permission=rw-r--r--; isSymlink=false; hasAcl=false; isEncrypted=false; isErasureCoded=false}",
      "blockList" : [ {
        "blockId" : 0,
        "replicaList" : [ {
          "replicaId" : 1,
          "location" : "172.18.0.12:9866",
          "storageId" : "DS-28a687e0-7c37-4875-ae56-fc857f2aedd3",
          "storageType" : "DISK",
          "topologyPath" : "/default-rack/172.18.0.12:9866"
        }, {
          "replicaId" : 2,
          "location" : "172.18.0.10:9866",
          "storageId" : "DS-9c660096-8408-4d69-8580-89607392de2b",
          "storageType" : "DISK",
          "topologyPath" : "/default-rack/172.18.0.10:9866"
        }, {
          "replicaId" : 3,
          "location" : "172.18.0.4:9866",
          "storageId" : "DS-d24d0df7-7569-4ab9-8c45-f0dfd753a140",
          "storageType" : "DISK",
          "topologyPath" : "/default-rack/172.18.0.4:9866"
        } ]
      } ]
    }, {
      "file" : "HdfsLocatedFileStatus{path=hdfs://nodemaster:9000/tmp/hive/hadoop/57af504c-1b92-4ec6-a13d-9ecf7d6ada1b/hive_2020-06-27_22-08-49_423_5193069417829395790-1/-mr-10005/000015_0; isDirectory=false; length=96; replication=3; blocksize=134217728; modification_time=1593295897278; access_time=1593295897152; owner=hadoop; group=supergroup; permission=rw-r--r--; isSymlink=false; hasAcl=false; isEncrypted=false; isErasureCoded=false}",
      "blockList" : [ {
        "blockId" : 0,
        "replicaList" : [ {
          "replicaId" : 1,
          "location" : "172.18.0.10:9866",
          "storageId" : "DS-9c660096-8408-4d69-8580-89607392de2b",
          "storageType" : "DISK",
          "topologyPath" : "/default-rack/172.18.0.10:9866"
        }, {
          "replicaId" : 2,
          "location" : "172.18.0.12:9866",
          "storageId" : "DS-28a687e0-7c37-4875-ae56-fc857f2aedd3",
          "storageType" : "DISK",
          "topologyPath" : "/default-rack/172.18.0.12:9866"
        }, {
          "replicaId" : 3,
          "location" : "172.18.0.5:9866",
          "storageId" : "DS-a1ff18c6-fbd0-4e6a-9bb0-3734720c263c",
          "storageType" : "DISK",
          "topologyPath" : "/default-rack/172.18.0.5:9866"
        } ]
      } ]
    } ]
  }, {
    "path" : "hdfs://nodemaster:9000/tmp/hive/hadoop/57af504c-1b92-4ec6-a13d-9ecf7d6ada1b/hive_2020-06-27_22-08-49_423_5193069417829395790-1/-mr-10009",
    "filesList" : [ {
      "file" : "HdfsLocatedFileStatus{path=hdfs://nodemaster:9000/tmp/hive/hadoop/57af504c-1b92-4ec6-a13d-9ecf7d6ada1b/hive_2020-06-27_22-08-49_423_5193069417829395790-1/-mr-10009/000000_0; isDirectory=false; length=297472; replication=3; blocksize=134217728; modification_time=1593295920694; access_time=1593295920536; owner=hadoop; group=supergroup; permission=rw-r--r--; isSymlink=false; hasAcl=false; isEncrypted=false; isErasureCoded=false}",
      "blockList" : [ {
        "blockId" : 0,
        "replicaList" : [ {
          "replicaId" : 1,
          "location" : "172.18.0.4:9866",
          "storageId" : "DS-d24d0df7-7569-4ab9-8c45-f0dfd753a140",
          "storageType" : "DISK",
          "topologyPath" : "/default-rack/172.18.0.4:9866"
        }, {
          "replicaId" : 2,
          "location" : "172.18.0.3:9866",
          "storageId" : "DS-f654c918-ed27-4a0b-adde-225680fca75e",
          "storageType" : "DISK",
          "topologyPath" : "/default-rack/172.18.0.3:9866"
        }, {
          "replicaId" : 3,
          "location" : "172.18.0.11:9866",
          "storageId" : "DS-4dcc10cd-aa5e-4cf7-a214-b0b185f786c0",
          "storageType" : "DISK",
          "topologyPath" : "/default-rack/172.18.0.11:9866"
        } ]
      } ]
    } ]
  } ]
}