{
  "jobName" : "job_1593290710710_0102",
  "paths" : [ "hdfs://nodemaster:9000/tmp/hive/hadoop/57af504c-1b92-4ec6-a13d-9ecf7d6ada1b/hive_2020-06-27_22-08-49_423_5193069417829395790-1/-mr-10007" ],
  "locations" : [ "node4" ],
  "jobDataPaths" : [ {
    "path" : "hdfs://nodemaster:9000/tmp/hive/hadoop/57af504c-1b92-4ec6-a13d-9ecf7d6ada1b/hive_2020-06-27_22-08-49_423_5193069417829395790-1/-mr-10007",
    "filesList" : [ {
      "file" : "HdfsLocatedFileStatus{path=hdfs://nodemaster:9000/tmp/hive/hadoop/57af504c-1b92-4ec6-a13d-9ecf7d6ada1b/hive_2020-06-27_22-08-49_423_5193069417829395790-1/-mr-10007/000000_0; isDirectory=false; length=254; replication=3; blocksize=134217728; modification_time=1593295969840; access_time=1593295969778; owner=hadoop; group=supergroup; permission=rw-r--r--; isSymlink=false; hasAcl=false; isEncrypted=false; isErasureCoded=false}",
      "blockList" : [ {
        "blockId" : 0,
        "replicaList" : [ {
          "replicaId" : 1,
          "location" : "172.18.0.10:9866",
          "storageId" : "DS-9c660096-8408-4d69-8580-89607392de2b",
          "storageType" : "DISK",
          "topologyPath" : "/default-rack/172.18.0.10:9866"
        }, {
          "replicaId" : 2,
          "location" : "172.18.0.5:9866",
          "storageId" : "DS-a1ff18c6-fbd0-4e6a-9bb0-3734720c263c",
          "storageType" : "DISK",
          "topologyPath" : "/default-rack/172.18.0.5:9866"
        }, {
          "replicaId" : 3,
          "location" : "172.18.0.6:9866",
          "storageId" : "DS-620ce234-90b2-4333-86ca-a20de1cf9d2f",
          "storageType" : "DISK",
          "topologyPath" : "/default-rack/172.18.0.6:9866"
        } ]
      } ]
    } ]
  } ]
}