{
  "jobName" : "job_1593290710710_0101",
  "paths" : [ "hdfs://nodemaster:9000/tmp/hive/hadoop/57af504c-1b92-4ec6-a13d-9ecf7d6ada1b/hive_2020-06-27_22-08-49_423_5193069417829395790-1/-mr-10006" ],
  "locations" : [ "node10" ],
  "jobDataPaths" : [ {
    "path" : "hdfs://nodemaster:9000/tmp/hive/hadoop/57af504c-1b92-4ec6-a13d-9ecf7d6ada1b/hive_2020-06-27_22-08-49_423_5193069417829395790-1/-mr-10006",
    "filesList" : [ {
      "file" : "HdfsLocatedFileStatus{path=hdfs://nodemaster:9000/tmp/hive/hadoop/57af504c-1b92-4ec6-a13d-9ecf7d6ada1b/hive_2020-06-27_22-08-49_423_5193069417829395790-1/-mr-10006/000000_0; isDirectory=false; length=254; replication=3; blocksize=134217728; modification_time=1593295948468; access_time=1593295948403; owner=hadoop; group=supergroup; permission=rw-r--r--; isSymlink=false; hasAcl=false; isEncrypted=false; isErasureCoded=false}",
      "blockList" : [ {
        "blockId" : 0,
        "replicaList" : [ {
          "replicaId" : 1,
          "location" : "172.18.0.11:9866",
          "storageId" : "DS-4dcc10cd-aa5e-4cf7-a214-b0b185f786c0",
          "storageType" : "DISK",
          "topologyPath" : "/default-rack/172.18.0.11:9866"
        }, {
          "replicaId" : 2,
          "location" : "172.18.0.4:9866",
          "storageId" : "DS-d24d0df7-7569-4ab9-8c45-f0dfd753a140",
          "storageType" : "DISK",
          "topologyPath" : "/default-rack/172.18.0.4:9866"
        }, {
          "replicaId" : 3,
          "location" : "172.18.0.9:9866",
          "storageId" : "DS-2e6d2d13-9a3b-42cf-ad39-585f68a234f3",
          "storageType" : "DISK",
          "topologyPath" : "/default-rack/172.18.0.9:9866"
        } ]
      } ]
    } ]
  } ]
}