{
  "fileName" : "customer",
  "filePath" : "hdfs://nodemaster:9000/user/hive/warehouse/customer/customer.tbl",
  "fileSize" : 122131132,
  "blockLocations" : [ {
    "blockId" : "blk_1073741832_1008",
    "blockLocation" : {
      "hosts" : [ "node8", "node3", "node7" ],
      "cachedHosts" : [ ],
      "names" : [ "172.18.0.9:9866", "172.18.0.4:9866", "172.18.0.8:9866" ],
      "topologyPaths" : [ "/default-rack/172.18.0.9:9866", "/default-rack/172.18.0.4:9866", "/default-rack/172.18.0.8:9866" ],
      "storageIds" : [ "DS-2e6d2d13-9a3b-42cf-ad39-585f68a234f3", "DS-d24d0df7-7569-4ab9-8c45-f0dfd753a140", "DS-59ecb24f-d3cd-4cdf-8fcb-3eb3542e163a" ],
      "storageTypes" : [ "DISK", "DISK", "DISK" ],
      "offset" : 0,
      "length" : 122131132,
      "corrupt" : false
    }
  } ]
}