{
  "fileName" : "nation",
  "filePath" : "hdfs://nodemaster:9000/user/hive/warehouse/nation/nation.tbl",
  "fileSize" : 2224,
  "blockLocations" : [ {
    "blockId" : "blk_1073741869_1045",
    "blockLocation" : {
      "hosts" : [ "node9", "node3", "node7" ],
      "cachedHosts" : [ ],
      "names" : [ "172.18.0.10:9866", "172.18.0.4:9866", "172.18.0.8:9866" ],
      "topologyPaths" : [ "/default-rack/172.18.0.10:9866", "/default-rack/172.18.0.4:9866", "/default-rack/172.18.0.8:9866" ],
      "storageIds" : [ "DS-9c660096-8408-4d69-8580-89607392de2b", "DS-d24d0df7-7569-4ab9-8c45-f0dfd753a140", "DS-59ecb24f-d3cd-4cdf-8fcb-3eb3542e163a" ],
      "storageTypes" : [ "DISK", "DISK", "DISK" ],
      "offset" : 0,
      "length" : 2224,
      "corrupt" : false
    }
  } ]
}