{
  "fileName" : "part",
  "filePath" : "hdfs://nodemaster:9000/user/hive/warehouse/part/part.tbl",
  "fileSize" : 121121810,
  "blockLocations" : [ {
    "blockId" : "blk_1073741825_1001",
    "blockLocation" : {
      "hosts" : [ "node2", "node11", "node7" ],
      "cachedHosts" : [ ],
      "names" : [ "172.18.0.3:9866", "172.18.0.12:9866", "172.18.0.8:9866" ],
      "topologyPaths" : [ "/default-rack/172.18.0.3:9866", "/default-rack/172.18.0.12:9866", "/default-rack/172.18.0.8:9866" ],
      "storageIds" : [ "DS-f654c918-ed27-4a0b-adde-225680fca75e", "DS-28a687e0-7c37-4875-ae56-fc857f2aedd3", "DS-59ecb24f-d3cd-4cdf-8fcb-3eb3542e163a" ],
      "storageTypes" : [ "DISK", "DISK", "DISK" ],
      "offset" : 0,
      "length" : 121121810,
      "corrupt" : false
    }
  } ]
}