{
  "fileName" : "region",
  "filePath" : "hdfs://nodemaster:9000/user/hive/warehouse/region/region.tbl",
  "fileSize" : 389,
  "blockLocations" : [ {
    "blockId" : "blk_1073741870_1046",
    "blockLocation" : {
      "hosts" : [ "node9", "node6", "node4" ],
      "cachedHosts" : [ ],
      "names" : [ "172.18.0.10:9866", "172.18.0.7:9866", "172.18.0.5:9866" ],
      "topologyPaths" : [ "/default-rack/172.18.0.10:9866", "/default-rack/172.18.0.7:9866", "/default-rack/172.18.0.5:9866" ],
      "storageIds" : [ "DS-9c660096-8408-4d69-8580-89607392de2b", "DS-5eb6433f-20c9-4afc-8309-7bf36e18d8d7", "DS-a1ff18c6-fbd0-4e6a-9bb0-3734720c263c" ],
      "storageTypes" : [ "DISK", "DISK", "DISK" ],
      "offset" : 0,
      "length" : 389,
      "corrupt" : false
    }
  } ]
}