{
  "fileName" : "supplier",
  "filePath" : "hdfs://nodemaster:9000/user/hive/warehouse/supplier/supplier.tbl",
  "fileSize" : 7088217,
  "blockLocations" : [ {
    "blockId" : "blk_1073741826_1002",
    "blockLocation" : {
      "hosts" : [ "node11", "node2", "node6" ],
      "cachedHosts" : [ ],
      "names" : [ "172.18.0.12:9866", "172.18.0.3:9866", "172.18.0.7:9866" ],
      "topologyPaths" : [ "/default-rack/172.18.0.12:9866", "/default-rack/172.18.0.3:9866", "/default-rack/172.18.0.7:9866" ],
      "storageIds" : [ "DS-28a687e0-7c37-4875-ae56-fc857f2aedd3", "DS-f654c918-ed27-4a0b-adde-225680fca75e", "DS-5eb6433f-20c9-4afc-8309-7bf36e18d8d7" ],
      "storageTypes" : [ "DISK", "DISK", "DISK" ],
      "offset" : 0,
      "length" : 7088217,
      "corrupt" : false
    }
  } ]
}