{
  "jobName" : "job_1593115633826_0076",
  "paths" : [ "hdfs://nodemaster:9000/tmp/hive/hadoop/4444a764-6171-4f5b-b6c3-7b19adcf61a5/hive_2020-06-25_20-56-41_098_2252239590535540168-1/-mr-10006" ],
  "locations" : [ "node5" ],
  "jobDataPaths" : [ {
    "path" : "hdfs://nodemaster:9000/tmp/hive/hadoop/4444a764-6171-4f5b-b6c3-7b19adcf61a5/hive_2020-06-25_20-56-41_098_2252239590535540168-1/-mr-10006",
    "filesList" : [ {
      "file" : "HdfsLocatedFileStatus{path=hdfs://nodemaster:9000/tmp/hive/hadoop/4444a764-6171-4f5b-b6c3-7b19adcf61a5/hive_2020-06-25_20-56-41_098_2252239590535540168-1/-mr-10006/000000_0; isDirectory=false; length=109024; replication=3; blocksize=134217728; modification_time=1593118768409; access_time=1593118768223; owner=hadoop; group=supergroup; permission=rw-r--r--; isSymlink=false; hasAcl=false; isEncrypted=false; isErasureCoded=false}",
      "blockList" : [ {
        "blockId" : 0,
        "replicaList" : [ {
          "replicaId" : 1,
          "location" : "172.18.0.7:9866",
          "storageId" : "DS-59b638d8-2e96-4a0b-b1f4-27e72579b7c8",
          "storageType" : "DISK",
          "topologyPath" : "/default-rack/172.18.0.7:9866"
        }, {
          "replicaId" : 2,
          "location" : "172.18.0.6:9866",
          "storageId" : "DS-510f936c-71ef-4876-b5f2-3cf96b4fbb3d",
          "storageType" : "DISK",
          "topologyPath" : "/default-rack/172.18.0.6:9866"
        }, {
          "replicaId" : 3,
          "location" : "172.18.0.12:9866",
          "storageId" : "DS-d4f5f58a-aa85-428a-a155-ee1f4876f03e",
          "storageType" : "DISK",
          "topologyPath" : "/default-rack/172.18.0.12:9866"
        } ]
      } ]
    } ]
  } ]
}