{
  "jobName" : "job_1593115633826_0102",
  "paths" : [ "hdfs://nodemaster:9000/tmp/hive/hadoop/06fb96ce-1933-4231-90f5-b3523ea9724f/hive_2020-06-25_21-18-36_991_8812561901088741192-1/-mr-10007" ],
  "locations" : [ "node8" ],
  "jobDataPaths" : [ {
    "path" : "hdfs://nodemaster:9000/tmp/hive/hadoop/06fb96ce-1933-4231-90f5-b3523ea9724f/hive_2020-06-25_21-18-36_991_8812561901088741192-1/-mr-10007",
    "filesList" : [ {
      "file" : "HdfsLocatedFileStatus{path=hdfs://nodemaster:9000/tmp/hive/hadoop/06fb96ce-1933-4231-90f5-b3523ea9724f/hive_2020-06-25_21-18-36_991_8812561901088741192-1/-mr-10007/000000_0; isDirectory=false; length=254; replication=3; blocksize=134217728; modification_time=1593120158003; access_time=1593120157942; owner=hadoop; group=supergroup; permission=rw-r--r--; isSymlink=false; hasAcl=false; isEncrypted=false; isErasureCoded=false}",
      "blockList" : [ {
        "blockId" : 0,
        "replicaList" : [ {
          "replicaId" : 1,
          "location" : "172.18.0.8:9866",
          "storageId" : "DS-794683da-48f9-47cb-80d5-f83b99913a0b",
          "storageType" : "DISK",
          "topologyPath" : "/default-rack/172.18.0.8:9866"
        }, {
          "replicaId" : 2,
          "location" : "172.18.0.9:9866",
          "storageId" : "DS-2f67b030-401b-46ab-a992-33e160d7dab0",
          "storageType" : "DISK",
          "topologyPath" : "/default-rack/172.18.0.9:9866"
        }, {
          "replicaId" : 3,
          "location" : "172.18.0.7:9866",
          "storageId" : "DS-59b638d8-2e96-4a0b-b1f4-27e72579b7c8",
          "storageType" : "DISK",
          "topologyPath" : "/default-rack/172.18.0.7:9866"
        } ]
      } ]
    } ]
  } ]
}