{
  "jobName" : "job_1593115633826_0101",
  "paths" : [ "hdfs://nodemaster:9000/tmp/hive/hadoop/06fb96ce-1933-4231-90f5-b3523ea9724f/hive_2020-06-25_21-18-36_991_8812561901088741192-1/-mr-10006" ],
  "locations" : [ "node4" ],
  "jobDataPaths" : [ {
    "path" : "hdfs://nodemaster:9000/tmp/hive/hadoop/06fb96ce-1933-4231-90f5-b3523ea9724f/hive_2020-06-25_21-18-36_991_8812561901088741192-1/-mr-10006",
    "filesList" : [ {
      "file" : "HdfsLocatedFileStatus{path=hdfs://nodemaster:9000/tmp/hive/hadoop/06fb96ce-1933-4231-90f5-b3523ea9724f/hive_2020-06-25_21-18-36_991_8812561901088741192-1/-mr-10006/000000_0; isDirectory=false; length=254; replication=3; blocksize=134217728; modification_time=1593120136670; access_time=1593120136606; owner=hadoop; group=supergroup; permission=rw-r--r--; isSymlink=false; hasAcl=false; isEncrypted=false; isErasureCoded=false}",
      "blockList" : [ {
        "blockId" : 0,
        "replicaList" : [ {
          "replicaId" : 1,
          "location" : "172.18.0.5:9866",
          "storageId" : "DS-549d54c8-ddaa-479a-a1c5-7761e6926c22",
          "storageType" : "DISK",
          "topologyPath" : "/default-rack/172.18.0.5:9866"
        }, {
          "replicaId" : 2,
          "location" : "172.18.0.3:9866",
          "storageId" : "DS-fa820258-52aa-46ac-b72c-ad92c390b528",
          "storageType" : "DISK",
          "topologyPath" : "/default-rack/172.18.0.3:9866"
        }, {
          "replicaId" : 3,
          "location" : "172.18.0.8:9866",
          "storageId" : "DS-794683da-48f9-47cb-80d5-f83b99913a0b",
          "storageType" : "DISK",
          "topologyPath" : "/default-rack/172.18.0.8:9866"
        } ]
      } ]
    } ]
  } ]
}