{
  "jobName" : "job_1593290710710_0017",
  "paths" : [ "hdfs://nodemaster:9000/tmp/hive/hadoop/d73f65e5-dd26-48e2-bde5-b4dc95260574/hive_2020-06-27_21-12-35_408_2637283151813027855-1/-mr-10010" ],
  "locations" : [ "node5" ],
  "jobDataPaths" : [ {
    "path" : "hdfs://nodemaster:9000/tmp/hive/hadoop/d73f65e5-dd26-48e2-bde5-b4dc95260574/hive_2020-06-27_21-12-35_408_2637283151813027855-1/-mr-10010",
    "filesList" : [ {
      "file" : "HdfsLocatedFileStatus{path=hdfs://nodemaster:9000/tmp/hive/hadoop/d73f65e5-dd26-48e2-bde5-b4dc95260574/hive_2020-06-27_21-12-35_408_2637283151813027855-1/-mr-10010/000000_0; isDirectory=false; length=14636505; replication=3; blocksize=134217728; modification_time=1593292527880; access_time=1593292526736; owner=hadoop; group=supergroup; permission=rw-r--r--; isSymlink=false; hasAcl=false; isEncrypted=false; isErasureCoded=false}",
      "blockList" : [ {
        "blockId" : 0,
        "replicaList" : [ {
          "replicaId" : 1,
          "location" : "172.18.0.10:9866",
          "storageId" : "DS-9c660096-8408-4d69-8580-89607392de2b",
          "storageType" : "DISK",
          "topologyPath" : "/default-rack/172.18.0.10:9866"
        }, {
          "replicaId" : 2,
          "location" : "172.18.0.6:9866",
          "storageId" : "DS-620ce234-90b2-4333-86ca-a20de1cf9d2f",
          "storageType" : "DISK",
          "topologyPath" : "/default-rack/172.18.0.6:9866"
        }, {
          "replicaId" : 3,
          "location" : "172.18.0.8:9866",
          "storageId" : "DS-59ecb24f-d3cd-4cdf-8fcb-3eb3542e163a",
          "storageType" : "DISK",
          "topologyPath" : "/default-rack/172.18.0.8:9866"
        } ]
      } ]
    } ]
  } ]
}