{
  "jobName" : "job_1593290710710_0016",
  "paths" : [ "hdfs://nodemaster:9000/tmp/hive/hadoop/d73f65e5-dd26-48e2-bde5-b4dc95260574/hive_2020-06-27_21-12-35_408_2637283151813027855-1/-mr-10009", "hdfs://nodemaster:9000/tmp/hive/hadoop/d73f65e5-dd26-48e2-bde5-b4dc95260574/hive_2020-06-27_21-12-35_408_2637283151813027855-1/-mr-10012" ],
  "locations" : [ "node4", "node10", "node11", "node4" ],
  "jobDataPaths" : [ {
    "path" : "hdfs://nodemaster:9000/tmp/hive/hadoop/d73f65e5-dd26-48e2-bde5-b4dc95260574/hive_2020-06-27_21-12-35_408_2637283151813027855-1/-mr-10009",
    "filesList" : [ {
      "file" : "HdfsLocatedFileStatus{path=hdfs://nodemaster:9000/tmp/hive/hadoop/d73f65e5-dd26-48e2-bde5-b4dc95260574/hive_2020-06-27_21-12-35_408_2637283151813027855-1/-mr-10009/000000_0; isDirectory=false; length=34149851; replication=3; blocksize=134217728; modification_time=1593292444731; access_time=1593292441468; owner=hadoop; group=supergroup; permission=rw-r--r--; isSymlink=false; hasAcl=false; isEncrypted=false; isErasureCoded=false}",
      "blockList" : [ {
        "blockId" : 0,
        "replicaList" : [ {
          "replicaId" : 1,
          "location" : "172.18.0.10:9866",
          "storageId" : "DS-9c660096-8408-4d69-8580-89607392de2b",
          "storageType" : "DISK",
          "topologyPath" : "/default-rack/172.18.0.10:9866"
        }, {
          "replicaId" : 2,
          "location" : "172.18.0.4:9866",
          "storageId" : "DS-d24d0df7-7569-4ab9-8c45-f0dfd753a140",
          "storageType" : "DISK",
          "topologyPath" : "/default-rack/172.18.0.4:9866"
        }, {
          "replicaId" : 3,
          "location" : "172.18.0.12:9866",
          "storageId" : "DS-28a687e0-7c37-4875-ae56-fc857f2aedd3",
          "storageType" : "DISK",
          "topologyPath" : "/default-rack/172.18.0.12:9866"
        } ]
      } ]
    }, {
      "file" : "HdfsLocatedFileStatus{path=hdfs://nodemaster:9000/tmp/hive/hadoop/d73f65e5-dd26-48e2-bde5-b4dc95260574/hive_2020-06-27_21-12-35_408_2637283151813027855-1/-mr-10009/000001_0; isDirectory=false; length=34830384; replication=3; blocksize=134217728; modification_time=1593292445439; access_time=1593292442351; owner=hadoop; group=supergroup; permission=rw-r--r--; isSymlink=false; hasAcl=false; isEncrypted=false; isErasureCoded=false}",
      "blockList" : [ {
        "blockId" : 0,
        "replicaList" : [ {
          "replicaId" : 1,
          "location" : "172.18.0.11:9866",
          "storageId" : "DS-4dcc10cd-aa5e-4cf7-a214-b0b185f786c0",
          "storageType" : "DISK",
          "topologyPath" : "/default-rack/172.18.0.11:9866"
        }, {
          "replicaId" : 2,
          "location" : "172.18.0.9:9866",
          "storageId" : "DS-2e6d2d13-9a3b-42cf-ad39-585f68a234f3",
          "storageType" : "DISK",
          "topologyPath" : "/default-rack/172.18.0.9:9866"
        }, {
          "replicaId" : 3,
          "location" : "172.18.0.8:9866",
          "storageId" : "DS-59ecb24f-d3cd-4cdf-8fcb-3eb3542e163a",
          "storageType" : "DISK",
          "topologyPath" : "/default-rack/172.18.0.8:9866"
        } ]
      } ]
    }, {
      "file" : "HdfsLocatedFileStatus{path=hdfs://nodemaster:9000/tmp/hive/hadoop/d73f65e5-dd26-48e2-bde5-b4dc95260574/hive_2020-06-27_21-12-35_408_2637283151813027855-1/-mr-10009/000002_0; isDirectory=false; length=34270209; replication=3; blocksize=134217728; modification_time=1593292444954; access_time=1593292441482; owner=hadoop; group=supergroup; permission=rw-r--r--; isSymlink=false; hasAcl=false; isEncrypted=false; isErasureCoded=false}",
      "blockList" : [ {
        "blockId" : 0,
        "replicaList" : [ {
          "replicaId" : 1,
          "location" : "172.18.0.7:9866",
          "storageId" : "DS-5eb6433f-20c9-4afc-8309-7bf36e18d8d7",
          "storageType" : "DISK",
          "topologyPath" : "/default-rack/172.18.0.7:9866"
        }, {
          "replicaId" : 2,
          "location" : "172.18.0.6:9866",
          "storageId" : "DS-620ce234-90b2-4333-86ca-a20de1cf9d2f",
          "storageType" : "DISK",
          "topologyPath" : "/default-rack/172.18.0.6:9866"
        }, {
          "replicaId" : 3,
          "location" : "172.18.0.5:9866",
          "storageId" : "DS-a1ff18c6-fbd0-4e6a-9bb0-3734720c263c",
          "storageType" : "DISK",
          "topologyPath" : "/default-rack/172.18.0.5:9866"
        } ]
      } ]
    } ]
  }, {
    "path" : "hdfs://nodemaster:9000/tmp/hive/hadoop/d73f65e5-dd26-48e2-bde5-b4dc95260574/hive_2020-06-27_21-12-35_408_2637283151813027855-1/-mr-10012",
    "filesList" : [ {
      "file" : "HdfsLocatedFileStatus{path=hdfs://nodemaster:9000/tmp/hive/hadoop/d73f65e5-dd26-48e2-bde5-b4dc95260574/hive_2020-06-27_21-12-35_408_2637283151813027855-1/-mr-10012/000000_0; isDirectory=false; length=186; replication=3; blocksize=134217728; modification_time=1593292467957; access_time=1593292467893; owner=hadoop; group=supergroup; permission=rw-r--r--; isSymlink=false; hasAcl=false; isEncrypted=false; isErasureCoded=false}",
      "blockList" : [ {
        "blockId" : 0,
        "replicaList" : [ {
          "replicaId" : 1,
          "location" : "172.18.0.5:9866",
          "storageId" : "DS-a1ff18c6-fbd0-4e6a-9bb0-3734720c263c",
          "storageType" : "DISK",
          "topologyPath" : "/default-rack/172.18.0.5:9866"
        }, {
          "replicaId" : 2,
          "location" : "172.18.0.3:9866",
          "storageId" : "DS-f654c918-ed27-4a0b-adde-225680fca75e",
          "storageType" : "DISK",
          "topologyPath" : "/default-rack/172.18.0.3:9866"
        }, {
          "replicaId" : 3,
          "location" : "172.18.0.6:9866",
          "storageId" : "DS-620ce234-90b2-4333-86ca-a20de1cf9d2f",
          "storageType" : "DISK",
          "topologyPath" : "/default-rack/172.18.0.6:9866"
        } ]
      } ]
    } ]
  } ]
}