{
  "ipAddr" : "172.18.0.4",
  "ipAddrBytes" : {
    "validUtf8" : true,
    "empty" : false
  },
  "hostName" : "node3",
  "hostNameBytes" : {
    "validUtf8" : true,
    "empty" : false
  },
  "peerHostName" : null,
  "xferPort" : 9866,
  "infoPort" : 9864,
  "infoSecurePort" : 0,
  "ipcPort" : 9867,
  "xferAddr" : "172.18.0.4:9866",
  "datanodeUuid" : "29d6c7cc-2ac5-4909-b0cb-e7e4e595b62a",
  "datanodeUuidBytes" : {
    "validUtf8" : true,
    "empty" : false
  },
  "capacity" : 73445531648,
  "dfsUsed" : 1404021058,
  "nonDfsUsed" : 48275355326,
  "remaining" : 19991281664,
  "blockPoolUsed" : 1404021058,
  "cacheCapacity" : 0,
  "cacheUsed" : 0,
  "lastUpdate" : 1593291702114,
  "lastUpdateMonotonic" : 1157914,
  "xceiverCount" : 1,
  "softwareVersion" : null,
  "dependentHostNames" : [ ],
  "upgradeDomain" : null,
  "numBlocks" : 0,
  "adminState" : "NORMAL",
  "maintenanceExpireTimeInMS" : 0,
  "lastBlockReportTime" : 1593290703067,
  "lastBlockReportMonotonic" : 158868,
  "name" : "172.18.0.4:9866",
  "parent" : null,
  "networkLocation" : "/default-rack",
  "level" : 0,
  "dfsUsedPercent" : 1.9116495,
  "blockPoolUsedPercent" : 1.9116495,
  "remainingPercent" : 27.219194,
  "cacheUsedPercent" : 100.0,
  "cacheRemaining" : 0,
  "cacheRemainingPercent" : 0.0,
  "datanodeReport" : "Name: 172.18.0.4:9866 (node3.sparknet)\nHostname: node3\nDecommission Status : Normal\nConfigured Capacity: 73445531648 (68.40 GB)\nDFS Used: 1404021058 (1.31 GB)\nNon DFS Used: 48275355326 (44.96 GB)\nDFS Remaining: 19991281664 (18.62 GB)\nDFS Used%: 1.91%\nDFS Remaining%: 27.22%\nConfigured Cache Capacity: 0 (0 B)\nCache Used: 0 (0 B)\nCache Remaining: 0 (0 B)\nCache Used%: 100.00%\nCache Remaining%: 0.00%\nXceivers: 1\nLast contact: Sat Jun 27 21:01:42 UTC 2020\nLast Block Report: Sat Jun 27 20:45:03 UTC 2020\nNum of Blocks: 0\n",
  "decommissionInProgress" : false,
  "decommissioned" : false,
  "enteringMaintenance" : false,
  "inMaintenance" : false,
  "maintenance" : false,
  "inService" : true,
  "infoAddr" : "172.18.0.4:9864",
  "infoSecureAddr" : "172.18.0.4:0",
  "xferAddrWithHostname" : "node3:9866",
  "resolvedAddress" : {
    "hostString" : "172.18.0.4",
    "address" : "172.18.0.4",
    "port" : 9866,
    "unresolved" : false,
    "hostName" : "node3.sparknet"
  }
}