{
  "ipAddr" : "172.18.0.3",
  "ipAddrBytes" : {
    "validUtf8" : true,
    "empty" : false
  },
  "hostName" : "node2",
  "hostNameBytes" : {
    "validUtf8" : true,
    "empty" : false
  },
  "peerHostName" : null,
  "xferPort" : 9866,
  "infoPort" : 9864,
  "infoSecurePort" : 0,
  "ipcPort" : 9867,
  "xferAddr" : "172.18.0.3:9866",
  "datanodeUuid" : "8e9de738-4a79-4bc5-ab77-9b051bd4207d",
  "datanodeUuidBytes" : {
    "validUtf8" : true,
    "empty" : false
  },
  "capacity" : 73445531648,
  "dfsUsed" : 2223709759,
  "nonDfsUsed" : 47455658433,
  "remaining" : 19991289856,
  "blockPoolUsed" : 2223709759,
  "cacheCapacity" : 0,
  "cacheUsed" : 0,
  "lastUpdate" : 1593291702043,
  "lastUpdateMonotonic" : 1157844,
  "xceiverCount" : 1,
  "softwareVersion" : null,
  "dependentHostNames" : [ ],
  "upgradeDomain" : null,
  "numBlocks" : 0,
  "adminState" : "NORMAL",
  "maintenanceExpireTimeInMS" : 0,
  "lastBlockReportTime" : 1593290702984,
  "lastBlockReportMonotonic" : 158785,
  "name" : "172.18.0.3:9866",
  "parent" : null,
  "networkLocation" : "/default-rack",
  "level" : 0,
  "dfsUsedPercent" : 3.0276992,
  "blockPoolUsedPercent" : 3.0276992,
  "remainingPercent" : 27.219206,
  "cacheUsedPercent" : 100.0,
  "cacheRemaining" : 0,
  "cacheRemainingPercent" : 0.0,
  "datanodeReport" : "Name: 172.18.0.3:9866 (node2.sparknet)\nHostname: node2\nDecommission Status : Normal\nConfigured Capacity: 73445531648 (68.40 GB)\nDFS Used: 2223709759 (2.07 GB)\nNon DFS Used: 47455658433 (44.20 GB)\nDFS Remaining: 19991289856 (18.62 GB)\nDFS Used%: 3.03%\nDFS Remaining%: 27.22%\nConfigured Cache Capacity: 0 (0 B)\nCache Used: 0 (0 B)\nCache Remaining: 0 (0 B)\nCache Used%: 100.00%\nCache Remaining%: 0.00%\nXceivers: 1\nLast contact: Sat Jun 27 21:01:42 UTC 2020\nLast Block Report: Sat Jun 27 20:45:02 UTC 2020\nNum of Blocks: 0\n",
  "decommissionInProgress" : false,
  "decommissioned" : false,
  "enteringMaintenance" : false,
  "inMaintenance" : false,
  "maintenance" : false,
  "inService" : true,
  "infoAddr" : "172.18.0.3:9864",
  "infoSecureAddr" : "172.18.0.3:0",
  "xferAddrWithHostname" : "node2:9866",
  "resolvedAddress" : {
    "hostString" : "172.18.0.3",
    "address" : "172.18.0.3",
    "port" : 9866,
    "unresolved" : false,
    "hostName" : "node2.sparknet"
  }
}