{
  "ipAddr" : "172.18.0.6",
  "ipAddrBytes" : {
    "validUtf8" : true,
    "empty" : false
  },
  "hostName" : "node5",
  "hostNameBytes" : {
    "validUtf8" : true,
    "empty" : false
  },
  "peerHostName" : null,
  "xferPort" : 9866,
  "infoPort" : 9864,
  "infoSecurePort" : 0,
  "ipcPort" : 9867,
  "xferAddr" : "172.18.0.6:9866",
  "datanodeUuid" : "ab9dae3f-4761-4fc5-9a35-69637e85f11b",
  "datanodeUuidBytes" : {
    "validUtf8" : true,
    "empty" : false
  },
  "capacity" : 73445531648,
  "dfsUsed" : 1729228274,
  "nonDfsUsed" : 47950139918,
  "remaining" : 19991289856,
  "blockPoolUsed" : 1729228274,
  "cacheCapacity" : 0,
  "cacheUsed" : 0,
  "lastUpdate" : 1593291702105,
  "lastUpdateMonotonic" : 1157906,
  "xceiverCount" : 1,
  "softwareVersion" : null,
  "dependentHostNames" : [ ],
  "upgradeDomain" : null,
  "numBlocks" : 0,
  "adminState" : "NORMAL",
  "maintenanceExpireTimeInMS" : 0,
  "lastBlockReportTime" : 1593290700340,
  "lastBlockReportMonotonic" : 156140,
  "name" : "172.18.0.6:9866",
  "parent" : null,
  "networkLocation" : "/default-rack",
  "level" : 0,
  "dfsUsedPercent" : 2.3544364,
  "blockPoolUsedPercent" : 2.3544364,
  "remainingPercent" : 27.219206,
  "cacheUsedPercent" : 100.0,
  "cacheRemaining" : 0,
  "cacheRemainingPercent" : 0.0,
  "datanodeReport" : "Name: 172.18.0.6:9866 (node5.sparknet)\nHostname: node5\nDecommission Status : Normal\nConfigured Capacity: 73445531648 (68.40 GB)\nDFS Used: 1729228274 (1.61 GB)\nNon DFS Used: 47950139918 (44.66 GB)\nDFS Remaining: 19991289856 (18.62 GB)\nDFS Used%: 2.35%\nDFS Remaining%: 27.22%\nConfigured Cache Capacity: 0 (0 B)\nCache Used: 0 (0 B)\nCache Remaining: 0 (0 B)\nCache Used%: 100.00%\nCache Remaining%: 0.00%\nXceivers: 1\nLast contact: Sat Jun 27 21:01:42 UTC 2020\nLast Block Report: Sat Jun 27 20:45:00 UTC 2020\nNum of Blocks: 0\n",
  "decommissionInProgress" : false,
  "decommissioned" : false,
  "enteringMaintenance" : false,
  "inMaintenance" : false,
  "maintenance" : false,
  "inService" : true,
  "infoAddr" : "172.18.0.6:9864",
  "infoSecureAddr" : "172.18.0.6:0",
  "xferAddrWithHostname" : "node5:9866",
  "resolvedAddress" : {
    "hostString" : "172.18.0.6",
    "address" : "172.18.0.6",
    "port" : 9866,
    "unresolved" : false,
    "hostName" : "node5.sparknet"
  }
}