{
  "ipAddr" : "172.18.0.12",
  "ipAddrBytes" : {
    "validUtf8" : true,
    "empty" : false
  },
  "hostName" : "node11",
  "hostNameBytes" : {
    "validUtf8" : true,
    "empty" : false
  },
  "peerHostName" : null,
  "xferPort" : 9866,
  "infoPort" : 9864,
  "infoSecurePort" : 0,
  "ipcPort" : 9867,
  "xferAddr" : "172.18.0.12:9866",
  "datanodeUuid" : "7afaee30-caa2-47e2-86ab-7d03bc6240a1",
  "datanodeUuidBytes" : {
    "validUtf8" : true,
    "empty" : false
  },
  "capacity" : 73445531648,
  "dfsUsed" : 1752520101,
  "nonDfsUsed" : 47926585947,
  "remaining" : 19991552000,
  "blockPoolUsed" : 1752520101,
  "cacheCapacity" : 0,
  "cacheUsed" : 0,
  "lastUpdate" : 1593291699804,
  "lastUpdateMonotonic" : 1155605,
  "xceiverCount" : 1,
  "softwareVersion" : null,
  "dependentHostNames" : [ ],
  "upgradeDomain" : null,
  "numBlocks" : 0,
  "adminState" : "NORMAL",
  "maintenanceExpireTimeInMS" : 0,
  "lastBlockReportTime" : 1593290701028,
  "lastBlockReportMonotonic" : 156828,
  "name" : "172.18.0.12:9866",
  "parent" : null,
  "networkLocation" : "/default-rack",
  "level" : 0,
  "dfsUsedPercent" : 2.3861494,
  "blockPoolUsedPercent" : 2.3861494,
  "remainingPercent" : 27.219563,
  "cacheUsedPercent" : 100.0,
  "cacheRemaining" : 0,
  "cacheRemainingPercent" : 0.0,
  "datanodeReport" : "Name: 172.18.0.12:9866 (node11.sparknet)\nHostname: node11\nDecommission Status : Normal\nConfigured Capacity: 73445531648 (68.40 GB)\nDFS Used: 1752520101 (1.63 GB)\nNon DFS Used: 47926585947 (44.64 GB)\nDFS Remaining: 19991552000 (18.62 GB)\nDFS Used%: 2.39%\nDFS Remaining%: 27.22%\nConfigured Cache Capacity: 0 (0 B)\nCache Used: 0 (0 B)\nCache Remaining: 0 (0 B)\nCache Used%: 100.00%\nCache Remaining%: 0.00%\nXceivers: 1\nLast contact: Sat Jun 27 21:01:39 UTC 2020\nLast Block Report: Sat Jun 27 20:45:01 UTC 2020\nNum of Blocks: 0\n",
  "decommissionInProgress" : false,
  "decommissioned" : false,
  "enteringMaintenance" : false,
  "inMaintenance" : false,
  "maintenance" : false,
  "inService" : true,
  "infoAddr" : "172.18.0.12:9864",
  "infoSecureAddr" : "172.18.0.12:0",
  "xferAddrWithHostname" : "node11:9866",
  "resolvedAddress" : {
    "hostString" : "172.18.0.12",
    "address" : "172.18.0.12",
    "port" : 9866,
    "unresolved" : false,
    "hostName" : "node11.sparknet"
  }
}