{
  "ipAddr" : "172.18.0.8",
  "ipAddrBytes" : {
    "validUtf8" : true,
    "empty" : false
  },
  "hostName" : "node7",
  "hostNameBytes" : {
    "validUtf8" : true,
    "empty" : false
  },
  "peerHostName" : null,
  "xferPort" : 9866,
  "infoPort" : 9864,
  "infoSecurePort" : 0,
  "ipcPort" : 9867,
  "xferAddr" : "172.18.0.8:9866",
  "datanodeUuid" : "7da0b6ab-7455-4ec8-8df9-ef56a550de02",
  "datanodeUuidBytes" : {
    "validUtf8" : true,
    "empty" : false
  },
  "capacity" : 73445531648,
  "dfsUsed" : 2716099072,
  "nonDfsUsed" : 46963285504,
  "remaining" : 19991273472,
  "blockPoolUsed" : 2716099072,
  "cacheCapacity" : 0,
  "cacheUsed" : 0,
  "lastUpdate" : 1593291702129,
  "lastUpdateMonotonic" : 1157930,
  "xceiverCount" : 1,
  "softwareVersion" : null,
  "dependentHostNames" : [ ],
  "upgradeDomain" : null,
  "numBlocks" : 0,
  "adminState" : "NORMAL",
  "maintenanceExpireTimeInMS" : 0,
  "lastBlockReportTime" : 1593290700362,
  "lastBlockReportMonotonic" : 156163,
  "name" : "172.18.0.8:9866",
  "parent" : null,
  "networkLocation" : "/default-rack",
  "level" : 0,
  "dfsUsedPercent" : 3.6981134,
  "blockPoolUsedPercent" : 3.6981134,
  "remainingPercent" : 27.219183,
  "cacheUsedPercent" : 100.0,
  "cacheRemaining" : 0,
  "cacheRemainingPercent" : 0.0,
  "datanodeReport" : "Name: 172.18.0.8:9866 (node7.sparknet)\nHostname: node7\nDecommission Status : Normal\nConfigured Capacity: 73445531648 (68.40 GB)\nDFS Used: 2716099072 (2.53 GB)\nNon DFS Used: 46963285504 (43.74 GB)\nDFS Remaining: 19991273472 (18.62 GB)\nDFS Used%: 3.70%\nDFS Remaining%: 27.22%\nConfigured Cache Capacity: 0 (0 B)\nCache Used: 0 (0 B)\nCache Remaining: 0 (0 B)\nCache Used%: 100.00%\nCache Remaining%: 0.00%\nXceivers: 1\nLast contact: Sat Jun 27 21:01:42 UTC 2020\nLast Block Report: Sat Jun 27 20:45:00 UTC 2020\nNum of Blocks: 0\n",
  "decommissionInProgress" : false,
  "decommissioned" : false,
  "enteringMaintenance" : false,
  "inMaintenance" : false,
  "maintenance" : false,
  "inService" : true,
  "infoAddr" : "172.18.0.8:9864",
  "infoSecureAddr" : "172.18.0.8:0",
  "xferAddrWithHostname" : "node7:9866",
  "resolvedAddress" : {
    "hostString" : "172.18.0.8",
    "address" : "172.18.0.8",
    "port" : 9866,
    "unresolved" : false,
    "hostName" : "node7.sparknet"
  }
}