{
  "ipAddr" : "172.18.0.11",
  "ipAddrBytes" : {
    "validUtf8" : true,
    "empty" : false
  },
  "hostName" : "node10",
  "hostNameBytes" : {
    "validUtf8" : true,
    "empty" : false
  },
  "peerHostName" : null,
  "xferPort" : 9866,
  "infoPort" : 9864,
  "infoSecurePort" : 0,
  "ipcPort" : 9867,
  "xferAddr" : "172.18.0.11:9866",
  "datanodeUuid" : "6c74e662-905e-44bd-974e-72b72a9cc001",
  "datanodeUuidBytes" : {
    "validUtf8" : true,
    "empty" : false
  },
  "capacity" : 73445531648,
  "dfsUsed" : 875150932,
  "nonDfsUsed" : 48804213164,
  "remaining" : 19991293952,
  "blockPoolUsed" : 875150932,
  "cacheCapacity" : 0,
  "cacheUsed" : 0,
  "lastUpdate" : 1593291702002,
  "lastUpdateMonotonic" : 1157802,
  "xceiverCount" : 1,
  "softwareVersion" : null,
  "dependentHostNames" : [ ],
  "upgradeDomain" : null,
  "numBlocks" : 0,
  "adminState" : "NORMAL",
  "maintenanceExpireTimeInMS" : 0,
  "lastBlockReportTime" : 1593290700362,
  "lastBlockReportMonotonic" : 156163,
  "name" : "172.18.0.11:9866",
  "parent" : null,
  "networkLocation" : "/default-rack",
  "level" : 0,
  "dfsUsedPercent" : 1.1915646,
  "blockPoolUsedPercent" : 1.1915646,
  "remainingPercent" : 27.219212,
  "cacheUsedPercent" : 100.0,
  "cacheRemaining" : 0,
  "cacheRemainingPercent" : 0.0,
  "datanodeReport" : "Name: 172.18.0.11:9866 (node10.sparknet)\nHostname: node10\nDecommission Status : Normal\nConfigured Capacity: 73445531648 (68.40 GB)\nDFS Used: 875150932 (834.61 MB)\nNon DFS Used: 48804213164 (45.45 GB)\nDFS Remaining: 19991293952 (18.62 GB)\nDFS Used%: 1.19%\nDFS Remaining%: 27.22%\nConfigured Cache Capacity: 0 (0 B)\nCache Used: 0 (0 B)\nCache Remaining: 0 (0 B)\nCache Used%: 100.00%\nCache Remaining%: 0.00%\nXceivers: 1\nLast contact: Sat Jun 27 21:01:42 UTC 2020\nLast Block Report: Sat Jun 27 20:45:00 UTC 2020\nNum of Blocks: 0\n",
  "decommissionInProgress" : false,
  "decommissioned" : false,
  "enteringMaintenance" : false,
  "inMaintenance" : false,
  "maintenance" : false,
  "inService" : true,
  "infoAddr" : "172.18.0.11:9864",
  "infoSecureAddr" : "172.18.0.11:0",
  "xferAddrWithHostname" : "node10:9866",
  "resolvedAddress" : {
    "hostString" : "172.18.0.11",
    "address" : "172.18.0.11",
    "port" : 9866,
    "unresolved" : false,
    "hostName" : "node10.sparknet"
  }
}