{
  "ipAddr" : "172.18.0.7",
  "ipAddrBytes" : {
    "validUtf8" : true,
    "empty" : false
  },
  "hostName" : "node6",
  "hostNameBytes" : {
    "validUtf8" : true,
    "empty" : false
  },
  "peerHostName" : null,
  "xferPort" : 9866,
  "infoPort" : 9864,
  "infoSecurePort" : 0,
  "ipcPort" : 9867,
  "xferAddr" : "172.18.0.7:9866",
  "datanodeUuid" : "ac1d76fe-4eed-447e-ab75-de6b732afd15",
  "datanodeUuidBytes" : {
    "validUtf8" : true,
    "empty" : false
  },
  "capacity" : 73445531648,
  "dfsUsed" : 1359901787,
  "nonDfsUsed" : 48319458213,
  "remaining" : 19991298048,
  "blockPoolUsed" : 1359901787,
  "cacheCapacity" : 0,
  "cacheUsed" : 0,
  "lastUpdate" : 1593291702075,
  "lastUpdateMonotonic" : 1157876,
  "xceiverCount" : 1,
  "softwareVersion" : null,
  "dependentHostNames" : [ ],
  "upgradeDomain" : null,
  "numBlocks" : 0,
  "adminState" : "NORMAL",
  "maintenanceExpireTimeInMS" : 0,
  "lastBlockReportTime" : 1593290700345,
  "lastBlockReportMonotonic" : 156146,
  "name" : "172.18.0.7:9866",
  "parent" : null,
  "networkLocation" : "/default-rack",
  "level" : 0,
  "dfsUsedPercent" : 1.8515787,
  "blockPoolUsedPercent" : 1.8515787,
  "remainingPercent" : 27.219215,
  "cacheUsedPercent" : 100.0,
  "cacheRemaining" : 0,
  "cacheRemainingPercent" : 0.0,
  "datanodeReport" : "Name: 172.18.0.7:9866 (node6.sparknet)\nHostname: node6\nDecommission Status : Normal\nConfigured Capacity: 73445531648 (68.40 GB)\nDFS Used: 1359901787 (1.27 GB)\nNon DFS Used: 48319458213 (45.00 GB)\nDFS Remaining: 19991298048 (18.62 GB)\nDFS Used%: 1.85%\nDFS Remaining%: 27.22%\nConfigured Cache Capacity: 0 (0 B)\nCache Used: 0 (0 B)\nCache Remaining: 0 (0 B)\nCache Used%: 100.00%\nCache Remaining%: 0.00%\nXceivers: 1\nLast contact: Sat Jun 27 21:01:42 UTC 2020\nLast Block Report: Sat Jun 27 20:45:00 UTC 2020\nNum of Blocks: 0\n",
  "decommissionInProgress" : false,
  "decommissioned" : false,
  "enteringMaintenance" : false,
  "inMaintenance" : false,
  "maintenance" : false,
  "inService" : true,
  "infoAddr" : "172.18.0.7:9864",
  "infoSecureAddr" : "172.18.0.7:0",
  "xferAddrWithHostname" : "node6:9866",
  "resolvedAddress" : {
    "hostString" : "172.18.0.7",
    "address" : "172.18.0.7",
    "port" : 9866,
    "unresolved" : false,
    "hostName" : "node6.sparknet"
  }
}