{
  "ipAddr" : "172.18.0.9",
  "ipAddrBytes" : {
    "validUtf8" : true,
    "empty" : false
  },
  "hostName" : "node8",
  "hostNameBytes" : {
    "validUtf8" : true,
    "empty" : false
  },
  "peerHostName" : null,
  "xferPort" : 9866,
  "infoPort" : 9864,
  "infoSecurePort" : 0,
  "ipcPort" : 9867,
  "xferAddr" : "172.18.0.9:9866",
  "datanodeUuid" : "e36dbb66-a600-479d-af90-60051c0f989d",
  "datanodeUuidBytes" : {
    "validUtf8" : true,
    "empty" : false
  },
  "capacity" : 73445531648,
  "dfsUsed" : 1374687204,
  "nonDfsUsed" : 48304390172,
  "remaining" : 19991580672,
  "blockPoolUsed" : 1374687204,
  "cacheCapacity" : 0,
  "cacheUsed" : 0,
  "lastUpdate" : 1593291699461,
  "lastUpdateMonotonic" : 1155261,
  "xceiverCount" : 1,
  "softwareVersion" : null,
  "dependentHostNames" : [ ],
  "upgradeDomain" : null,
  "numBlocks" : 0,
  "adminState" : "NORMAL",
  "maintenanceExpireTimeInMS" : 0,
  "lastBlockReportTime" : 1593290700595,
  "lastBlockReportMonotonic" : 156396,
  "name" : "172.18.0.9:9866",
  "parent" : null,
  "networkLocation" : "/default-rack",
  "level" : 0,
  "dfsUsedPercent" : 1.8717098,
  "blockPoolUsedPercent" : 1.8717098,
  "remainingPercent" : 27.219603,
  "cacheUsedPercent" : 100.0,
  "cacheRemaining" : 0,
  "cacheRemainingPercent" : 0.0,
  "datanodeReport" : "Name: 172.18.0.9:9866 (node8.sparknet)\nHostname: node8\nDecommission Status : Normal\nConfigured Capacity: 73445531648 (68.40 GB)\nDFS Used: 1374687204 (1.28 GB)\nNon DFS Used: 48304390172 (44.99 GB)\nDFS Remaining: 19991580672 (18.62 GB)\nDFS Used%: 1.87%\nDFS Remaining%: 27.22%\nConfigured Cache Capacity: 0 (0 B)\nCache Used: 0 (0 B)\nCache Remaining: 0 (0 B)\nCache Used%: 100.00%\nCache Remaining%: 0.00%\nXceivers: 1\nLast contact: Sat Jun 27 21:01:39 UTC 2020\nLast Block Report: Sat Jun 27 20:45:00 UTC 2020\nNum of Blocks: 0\n",
  "decommissionInProgress" : false,
  "decommissioned" : false,
  "enteringMaintenance" : false,
  "inMaintenance" : false,
  "maintenance" : false,
  "inService" : true,
  "infoAddr" : "172.18.0.9:9864",
  "infoSecureAddr" : "172.18.0.9:0",
  "xferAddrWithHostname" : "node8:9866",
  "resolvedAddress" : {
    "hostString" : "172.18.0.9",
    "address" : "172.18.0.9",
    "port" : 9866,
    "unresolved" : false,
    "hostName" : "node8.sparknet"
  }
}