{
  "ipAddr" : "172.18.0.10",
  "ipAddrBytes" : {
    "validUtf8" : true,
    "empty" : false
  },
  "hostName" : "node9",
  "hostNameBytes" : {
    "validUtf8" : true,
    "empty" : false
  },
  "peerHostName" : null,
  "xferPort" : 9866,
  "infoPort" : 9864,
  "infoSecurePort" : 0,
  "ipcPort" : 9867,
  "xferAddr" : "172.18.0.10:9866",
  "datanodeUuid" : "a81979be-5cb6-4407-8f40-c0dac0ac9749",
  "datanodeUuidBytes" : {
    "validUtf8" : true,
    "empty" : false
  },
  "capacity" : 73445531648,
  "dfsUsed" : 1418151852,
  "nonDfsUsed" : 48261220436,
  "remaining" : 19991285760,
  "blockPoolUsed" : 1418151852,
  "cacheCapacity" : 0,
  "cacheUsed" : 0,
  "lastUpdate" : 1593291702027,
  "lastUpdateMonotonic" : 1157828,
  "xceiverCount" : 1,
  "softwareVersion" : null,
  "dependentHostNames" : [ ],
  "upgradeDomain" : null,
  "numBlocks" : 0,
  "adminState" : "NORMAL",
  "maintenanceExpireTimeInMS" : 0,
  "lastBlockReportTime" : 1593290700386,
  "lastBlockReportMonotonic" : 156186,
  "name" : "172.18.0.10:9866",
  "parent" : null,
  "networkLocation" : "/default-rack",
  "level" : 0,
  "dfsUsedPercent" : 1.9308892,
  "blockPoolUsedPercent" : 1.9308892,
  "remainingPercent" : 27.2192,
  "cacheUsedPercent" : 100.0,
  "cacheRemaining" : 0,
  "cacheRemainingPercent" : 0.0,
  "datanodeReport" : "Name: 172.18.0.10:9866 (node9.sparknet)\nHostname: node9\nDecommission Status : Normal\nConfigured Capacity: 73445531648 (68.40 GB)\nDFS Used: 1418151852 (1.32 GB)\nNon DFS Used: 48261220436 (44.95 GB)\nDFS Remaining: 19991285760 (18.62 GB)\nDFS Used%: 1.93%\nDFS Remaining%: 27.22%\nConfigured Cache Capacity: 0 (0 B)\nCache Used: 0 (0 B)\nCache Remaining: 0 (0 B)\nCache Used%: 100.00%\nCache Remaining%: 0.00%\nXceivers: 1\nLast contact: Sat Jun 27 21:01:42 UTC 2020\nLast Block Report: Sat Jun 27 20:45:00 UTC 2020\nNum of Blocks: 0\n",
  "decommissionInProgress" : false,
  "decommissioned" : false,
  "enteringMaintenance" : false,
  "inMaintenance" : false,
  "maintenance" : false,
  "inService" : true,
  "infoAddr" : "172.18.0.10:9864",
  "infoSecureAddr" : "172.18.0.10:0",
  "xferAddrWithHostname" : "node9:9866",
  "resolvedAddress" : {
    "hostString" : "172.18.0.10",
    "address" : "172.18.0.10",
    "port" : 9866,
    "unresolved" : false,
    "hostName" : "node9.sparknet"
  }
}