{
  "ipAddr" : "172.18.0.5",
  "ipAddrBytes" : {
    "validUtf8" : true,
    "empty" : false
  },
  "hostName" : "node4",
  "hostNameBytes" : {
    "validUtf8" : true,
    "empty" : false
  },
  "peerHostName" : null,
  "xferPort" : 9866,
  "infoPort" : 9864,
  "infoSecurePort" : 0,
  "ipcPort" : 9867,
  "xferAddr" : "172.18.0.5:9866",
  "datanodeUuid" : "7f653240-ce37-4073-9f48-c72b18b51503",
  "datanodeUuidBytes" : {
    "validUtf8" : true,
    "empty" : false
  },
  "capacity" : 73445531648,
  "dfsUsed" : 2029107404,
  "nonDfsUsed" : 47650260788,
  "remaining" : 19991289856,
  "blockPoolUsed" : 2029107404,
  "cacheCapacity" : 0,
  "cacheUsed" : 0,
  "lastUpdate" : 1593291702109,
  "lastUpdateMonotonic" : 1157910,
  "xceiverCount" : 1,
  "softwareVersion" : null,
  "dependentHostNames" : [ ],
  "upgradeDomain" : null,
  "numBlocks" : 0,
  "adminState" : "NORMAL",
  "maintenanceExpireTimeInMS" : 0,
  "lastBlockReportTime" : 1593290700368,
  "lastBlockReportMonotonic" : 156168,
  "name" : "172.18.0.5:9866",
  "parent" : null,
  "networkLocation" : "/default-rack",
  "level" : 0,
  "dfsUsedPercent" : 2.7627378,
  "blockPoolUsedPercent" : 2.7627378,
  "remainingPercent" : 27.219206,
  "cacheUsedPercent" : 100.0,
  "cacheRemaining" : 0,
  "cacheRemainingPercent" : 0.0,
  "datanodeReport" : "Name: 172.18.0.5:9866 (node4.sparknet)\nHostname: node4\nDecommission Status : Normal\nConfigured Capacity: 73445531648 (68.40 GB)\nDFS Used: 2029107404 (1.89 GB)\nNon DFS Used: 47650260788 (44.38 GB)\nDFS Remaining: 19991289856 (18.62 GB)\nDFS Used%: 2.76%\nDFS Remaining%: 27.22%\nConfigured Cache Capacity: 0 (0 B)\nCache Used: 0 (0 B)\nCache Remaining: 0 (0 B)\nCache Used%: 100.00%\nCache Remaining%: 0.00%\nXceivers: 1\nLast contact: Sat Jun 27 21:01:42 UTC 2020\nLast Block Report: Sat Jun 27 20:45:00 UTC 2020\nNum of Blocks: 0\n",
  "decommissionInProgress" : false,
  "decommissioned" : false,
  "enteringMaintenance" : false,
  "inMaintenance" : false,
  "maintenance" : false,
  "inService" : true,
  "infoAddr" : "172.18.0.5:9864",
  "infoSecureAddr" : "172.18.0.5:0",
  "xferAddrWithHostname" : "node4:9866",
  "resolvedAddress" : {
    "hostString" : "172.18.0.5",
    "address" : "172.18.0.5",
    "port" : 9866,
    "unresolved" : false,
    "hostName" : "node4.sparknet"
  }
}