{
  "fileName" : "customer",
  "filePath" : "hdfs://nodemaster:9000/user/hive/warehouse/customer/customer.tbl",
  "fileSize" : 122131132,
  "blockLocations" : [ {
    "blockId" : "blk_1073741832_1008",
    "blockLocation" : {
      "hosts" : [ "node5", "node8", "node9" ],
      "cachedHosts" : [ ],
      "names" : [ "172.18.0.6:9866", "172.18.0.9:9866", "172.18.0.10:9866" ],
      "topologyPaths" : [ "/default-rack/172.18.0.6:9866", "/default-rack/172.18.0.9:9866", "/default-rack/172.18.0.10:9866" ],
      "storageIds" : [ "DS-510f936c-71ef-4876-b5f2-3cf96b4fbb3d", "DS-2f67b030-401b-46ab-a992-33e160d7dab0", "DS-51bc4e0b-7688-4fed-b582-5ceb97621812" ],
      "storageTypes" : [ "DISK", "DISK", "DISK" ],
      "offset" : 0,
      "length" : 122131132,
      "corrupt" : false
    }
  } ]
}