{
  "fileName" : "part",
  "filePath" : "hdfs://nodemaster:9000/user/hive/warehouse/part/part.tbl",
  "fileSize" : 121121810,
  "blockLocations" : [ {
    "blockId" : "blk_1073741825_1001",
    "blockLocation" : {
      "hosts" : [ "node2", "node11", "node7" ],
      "cachedHosts" : [ ],
      "names" : [ "172.18.0.3:9866", "172.18.0.12:9866", "172.18.0.8:9866" ],
      "topologyPaths" : [ "/default-rack/172.18.0.3:9866", "/default-rack/172.18.0.12:9866", "/default-rack/172.18.0.8:9866" ],
      "storageIds" : [ "DS-fa820258-52aa-46ac-b72c-ad92c390b528", "DS-d4f5f58a-aa85-428a-a155-ee1f4876f03e", "DS-794683da-48f9-47cb-80d5-f83b99913a0b" ],
      "storageTypes" : [ "DISK", "DISK", "DISK" ],
      "offset" : 0,
      "length" : 121121810,
      "corrupt" : false
    }
  } ]
}