{
  "fileName" : "region",
  "filePath" : "hdfs://nodemaster:9000/user/hive/warehouse/region/region.tbl",
  "fileSize" : 389,
  "blockLocations" : [ {
    "blockId" : "blk_1073741870_1046",
    "blockLocation" : {
      "hosts" : [ "node3", "node8", "node6" ],
      "cachedHosts" : [ ],
      "names" : [ "172.18.0.4:9866", "172.18.0.9:9866", "172.18.0.7:9866" ],
      "topologyPaths" : [ "/default-rack/172.18.0.4:9866", "/default-rack/172.18.0.9:9866", "/default-rack/172.18.0.7:9866" ],
      "storageIds" : [ "DS-9ec31762-7ca3-4ec0-b265-6ff0b16012c4", "DS-2f67b030-401b-46ab-a992-33e160d7dab0", "DS-59b638d8-2e96-4a0b-b1f4-27e72579b7c8" ],
      "storageTypes" : [ "DISK", "DISK", "DISK" ],
      "offset" : 0,
      "length" : 389,
      "corrupt" : false
    }
  } ]
}