{
  "fileName" : "supplier",
  "filePath" : "hdfs://nodemaster:9000/user/hive/warehouse/supplier/supplier.tbl",
  "fileSize" : 7088217,
  "blockLocations" : [ {
    "blockId" : "blk_1073741826_1002",
    "blockLocation" : {
      "hosts" : [ "node7", "node3", "node10" ],
      "cachedHosts" : [ ],
      "names" : [ "172.18.0.8:9866", "172.18.0.4:9866", "172.18.0.11:9866" ],
      "topologyPaths" : [ "/default-rack/172.18.0.8:9866", "/default-rack/172.18.0.4:9866", "/default-rack/172.18.0.11:9866" ],
      "storageIds" : [ "DS-794683da-48f9-47cb-80d5-f83b99913a0b", "DS-9ec31762-7ca3-4ec0-b265-6ff0b16012c4", "DS-efbcd717-8ac4-420f-b69d-86268e701d33" ],
      "storageTypes" : [ "DISK", "DISK", "DISK" ],
      "offset" : 0,
      "length" : 7088217,
      "corrupt" : false
    }
  } ]
}