{
  "jobName" : "job_1593381723832_0063",
  "paths" : [ "hdfs://nodemaster:9000/tmp/hive/hadoop/c802df8c-4ee2-4add-a403-eee251e2a285/hive_2020-06-28_22-50-02_129_5969062144332319871-1/-mr-10005" ],
  "locations" : [ "node4", "node5", "node10", "node2", "node11", "node8" ],
  "jobDataPaths" : [ {
    "path" : "hdfs://nodemaster:9000/tmp/hive/hadoop/c802df8c-4ee2-4add-a403-eee251e2a285/hive_2020-06-28_22-50-02_129_5969062144332319871-1/-mr-10005",
    "filesList" : [ {
      "file" : "HdfsLocatedFileStatus{path=hdfs://nodemaster:9000/tmp/hive/hadoop/c802df8c-4ee2-4add-a403-eee251e2a285/hive_2020-06-28_22-50-02_129_5969062144332319871-1/-mr-10005/000000_0; isDirectory=false; length=14010; replication=3; blocksize=134217728; modification_time=1593384741071; access_time=1593384740991; owner=hadoop; group=supergroup; permission=rw-r--r--; isSymlink=false; hasAcl=false; isEncrypted=false; isErasureCoded=false}",
      "blockList" : [ {
        "blockId" : 0,
        "replicaList" : [ {
          "replicaId" : 1,
          "location" : "172.18.0.9:9866",
          "storageId" : "DS-a4351ae1-b2f3-4472-92cb-7375e39399b7",
          "storageType" : "DISK",
          "topologyPath" : "/default-rack/172.18.0.9:9866"
        }, {
          "replicaId" : 2,
          "location" : "172.18.0.6:9866",
          "storageId" : "DS-ee5f10d4-279b-4ef2-8207-cbe6790eb0d9",
          "storageType" : "DISK",
          "topologyPath" : "/default-rack/172.18.0.6:9866"
        }, {
          "replicaId" : 3,
          "location" : "172.18.0.10:9866",
          "storageId" : "DS-ea63fcef-5705-488a-93d5-dad11ece7d18",
          "storageType" : "DISK",
          "topologyPath" : "/default-rack/172.18.0.10:9866"
        } ]
      } ]
    }, {
      "file" : "HdfsLocatedFileStatus{path=hdfs://nodemaster:9000/tmp/hive/hadoop/c802df8c-4ee2-4add-a403-eee251e2a285/hive_2020-06-28_22-50-02_129_5969062144332319871-1/-mr-10005/000001_0; isDirectory=false; length=13756; replication=3; blocksize=134217728; modification_time=1593384740052; access_time=1593384739788; owner=hadoop; group=supergroup; permission=rw-r--r--; isSymlink=false; hasAcl=false; isEncrypted=false; isErasureCoded=false}",
      "blockList" : [ {
        "blockId" : 0,
        "replicaList" : [ {
          "replicaId" : 1,
          "location" : "172.18.0.5:9866",
          "storageId" : "DS-568b90ef-d59e-4989-ad17-9089347b1d55",
          "storageType" : "DISK",
          "topologyPath" : "/default-rack/172.18.0.5:9866"
        }, {
          "replicaId" : 2,
          "location" : "172.18.0.3:9866",
          "storageId" : "DS-a899440d-b28f-4698-bd32-a15a1b7c88ce",
          "storageType" : "DISK",
          "topologyPath" : "/default-rack/172.18.0.3:9866"
        }, {
          "replicaId" : 3,
          "location" : "172.18.0.6:9866",
          "storageId" : "DS-ee5f10d4-279b-4ef2-8207-cbe6790eb0d9",
          "storageType" : "DISK",
          "topologyPath" : "/default-rack/172.18.0.6:9866"
        } ]
      } ]
    }, {
      "file" : "HdfsLocatedFileStatus{path=hdfs://nodemaster:9000/tmp/hive/hadoop/c802df8c-4ee2-4add-a403-eee251e2a285/hive_2020-06-28_22-50-02_129_5969062144332319871-1/-mr-10005/000002_0; isDirectory=false; length=13997; replication=3; blocksize=134217728; modification_time=1593384739564; access_time=1593384739341; owner=hadoop; group=supergroup; permission=rw-r--r--; isSymlink=false; hasAcl=false; isEncrypted=false; isErasureCoded=false}",
      "blockList" : [ {
        "blockId" : 0,
        "replicaList" : [ {
          "replicaId" : 1,
          "location" : "172.18.0.7:9866",
          "storageId" : "DS-b6eba1a6-4edb-45d0-9fa5-f146a0a0ca76",
          "storageType" : "DISK",
          "topologyPath" : "/default-rack/172.18.0.7:9866"
        }, {
          "replicaId" : 2,
          "location" : "172.18.0.12:9866",
          "storageId" : "DS-ff5d08e5-4f1c-44ee-ac01-eed086fb44f3",
          "storageType" : "DISK",
          "topologyPath" : "/default-rack/172.18.0.12:9866"
        }, {
          "replicaId" : 3,
          "location" : "172.18.0.3:9866",
          "storageId" : "DS-a899440d-b28f-4698-bd32-a15a1b7c88ce",
          "storageType" : "DISK",
          "topologyPath" : "/default-rack/172.18.0.3:9866"
        } ]
      } ]
    }, {
      "file" : "HdfsLocatedFileStatus{path=hdfs://nodemaster:9000/tmp/hive/hadoop/c802df8c-4ee2-4add-a403-eee251e2a285/hive_2020-06-28_22-50-02_129_5969062144332319871-1/-mr-10005/000003_0; isDirectory=false; length=14563; replication=3; blocksize=134217728; modification_time=1593384741008; access_time=1593384740930; owner=hadoop; group=supergroup; permission=rw-r--r--; isSymlink=false; hasAcl=false; isEncrypted=false; isErasureCoded=false}",
      "blockList" : [ {
        "blockId" : 0,
        "replicaList" : [ {
          "replicaId" : 1,
          "location" : "172.18.0.12:9866",
          "storageId" : "DS-ff5d08e5-4f1c-44ee-ac01-eed086fb44f3",
          "storageType" : "DISK",
          "topologyPath" : "/default-rack/172.18.0.12:9866"
        }, {
          "replicaId" : 2,
          "location" : "172.18.0.11:9866",
          "storageId" : "DS-54b919db-4755-40e4-ba0f-bd4c0d175494",
          "storageType" : "DISK",
          "topologyPath" : "/default-rack/172.18.0.11:9866"
        }, {
          "replicaId" : 3,
          "location" : "172.18.0.7:9866",
          "storageId" : "DS-b6eba1a6-4edb-45d0-9fa5-f146a0a0ca76",
          "storageType" : "DISK",
          "topologyPath" : "/default-rack/172.18.0.7:9866"
        } ]
      } ]
    }, {
      "file" : "HdfsLocatedFileStatus{path=hdfs://nodemaster:9000/tmp/hive/hadoop/c802df8c-4ee2-4add-a403-eee251e2a285/hive_2020-06-28_22-50-02_129_5969062144332319871-1/-mr-10005/000004_0; isDirectory=false; length=13745; replication=3; blocksize=134217728; modification_time=1593384740238; access_time=1593384740051; owner=hadoop; group=supergroup; permission=rw-r--r--; isSymlink=false; hasAcl=false; isEncrypted=false; isErasureCoded=false}",
      "blockList" : [ {
        "blockId" : 0,
        "replicaList" : [ {
          "replicaId" : 1,
          "location" : "172.18.0.5:9866",
          "storageId" : "DS-568b90ef-d59e-4989-ad17-9089347b1d55",
          "storageType" : "DISK",
          "topologyPath" : "/default-rack/172.18.0.5:9866"
        }, {
          "replicaId" : 2,
          "location" : "172.18.0.9:9866",
          "storageId" : "DS-a4351ae1-b2f3-4472-92cb-7375e39399b7",
          "storageType" : "DISK",
          "topologyPath" : "/default-rack/172.18.0.9:9866"
        }, {
          "replicaId" : 3,
          "location" : "172.18.0.6:9866",
          "storageId" : "DS-ee5f10d4-279b-4ef2-8207-cbe6790eb0d9",
          "storageType" : "DISK",
          "topologyPath" : "/default-rack/172.18.0.6:9866"
        } ]
      } ]
    }, {
      "file" : "HdfsLocatedFileStatus{path=hdfs://nodemaster:9000/tmp/hive/hadoop/c802df8c-4ee2-4add-a403-eee251e2a285/hive_2020-06-28_22-50-02_129_5969062144332319871-1/-mr-10005/000005_0; isDirectory=false; length=13500; replication=3; blocksize=134217728; modification_time=1593384739312; access_time=1593384739043; owner=hadoop; group=supergroup; permission=rw-r--r--; isSymlink=false; hasAcl=false; isEncrypted=false; isErasureCoded=false}",
      "blockList" : [ {
        "blockId" : 0,
        "replicaList" : [ {
          "replicaId" : 1,
          "location" : "172.18.0.9:9866",
          "storageId" : "DS-a4351ae1-b2f3-4472-92cb-7375e39399b7",
          "storageType" : "DISK",
          "topologyPath" : "/default-rack/172.18.0.9:9866"
        }, {
          "replicaId" : 2,
          "location" : "172.18.0.12:9866",
          "storageId" : "DS-ff5d08e5-4f1c-44ee-ac01-eed086fb44f3",
          "storageType" : "DISK",
          "topologyPath" : "/default-rack/172.18.0.12:9866"
        }, {
          "replicaId" : 3,
          "location" : "172.18.0.11:9866",
          "storageId" : "DS-54b919db-4755-40e4-ba0f-bd4c0d175494",
          "storageType" : "DISK",
          "topologyPath" : "/default-rack/172.18.0.11:9866"
        } ]
      } ]
    }, {
      "file" : "HdfsLocatedFileStatus{path=hdfs://nodemaster:9000/tmp/hive/hadoop/c802df8c-4ee2-4add-a403-eee251e2a285/hive_2020-06-28_22-50-02_129_5969062144332319871-1/-mr-10005/000006_0; isDirectory=false; length=13148; replication=3; blocksize=134217728; modification_time=1593384740798; access_time=1593384740691; owner=hadoop; group=supergroup; permission=rw-r--r--; isSymlink=false; hasAcl=false; isEncrypted=false; isErasureCoded=false}",
      "blockList" : [ {
        "blockId" : 0,
        "replicaList" : [ {
          "replicaId" : 1,
          "location" : "172.18.0.12:9866",
          "storageId" : "DS-ff5d08e5-4f1c-44ee-ac01-eed086fb44f3",
          "storageType" : "DISK",
          "topologyPath" : "/default-rack/172.18.0.12:9866"
        }, {
          "replicaId" : 2,
          "location" : "172.18.0.3:9866",
          "storageId" : "DS-a899440d-b28f-4698-bd32-a15a1b7c88ce",
          "storageType" : "DISK",
          "topologyPath" : "/default-rack/172.18.0.3:9866"
        }, {
          "replicaId" : 3,
          "location" : "172.18.0.10:9866",
          "storageId" : "DS-ea63fcef-5705-488a-93d5-dad11ece7d18",
          "storageType" : "DISK",
          "topologyPath" : "/default-rack/172.18.0.10:9866"
        } ]
      } ]
    }, {
      "file" : "HdfsLocatedFileStatus{path=hdfs://nodemaster:9000/tmp/hive/hadoop/c802df8c-4ee2-4add-a403-eee251e2a285/hive_2020-06-28_22-50-02_129_5969062144332319871-1/-mr-10005/000007_0; isDirectory=false; length=12957; replication=3; blocksize=134217728; modification_time=1593384741026; access_time=1593384740947; owner=hadoop; group=supergroup; permission=rw-r--r--; isSymlink=false; hasAcl=false; isEncrypted=false; isErasureCoded=false}",
      "blockList" : [ {
        "blockId" : 0,
        "replicaList" : [ {
          "replicaId" : 1,
          "location" : "172.18.0.7:9866",
          "storageId" : "DS-b6eba1a6-4edb-45d0-9fa5-f146a0a0ca76",
          "storageType" : "DISK",
          "topologyPath" : "/default-rack/172.18.0.7:9866"
        }, {
          "replicaId" : 2,
          "location" : "172.18.0.6:9866",
          "storageId" : "DS-ee5f10d4-279b-4ef2-8207-cbe6790eb0d9",
          "storageType" : "DISK",
          "topologyPath" : "/default-rack/172.18.0.6:9866"
        }, {
          "replicaId" : 3,
          "location" : "172.18.0.4:9866",
          "storageId" : "DS-0a019706-8dbf-41d3-9159-ec8fc5f9a709",
          "storageType" : "DISK",
          "topologyPath" : "/default-rack/172.18.0.4:9866"
        } ]
      } ]
    }, {
      "file" : "HdfsLocatedFileStatus{path=hdfs://nodemaster:9000/tmp/hive/hadoop/c802df8c-4ee2-4add-a403-eee251e2a285/hive_2020-06-28_22-50-02_129_5969062144332319871-1/-mr-10005/000008_0; isDirectory=false; length=96; replication=3; blocksize=134217728; modification_time=1593384740098; access_time=1593384739840; owner=hadoop; group=supergroup; permission=rw-r--r--; isSymlink=false; hasAcl=false; isEncrypted=false; isErasureCoded=false}",
      "blockList" : [ {
        "blockId" : 0,
        "replicaList" : [ {
          "replicaId" : 1,
          "location" : "172.18.0.10:9866",
          "storageId" : "DS-ea63fcef-5705-488a-93d5-dad11ece7d18",
          "storageType" : "DISK",
          "topologyPath" : "/default-rack/172.18.0.10:9866"
        }, {
          "replicaId" : 2,
          "location" : "172.18.0.8:9866",
          "storageId" : "DS-2b298e07-0e2a-4514-b8ac-6060de687a12",
          "storageType" : "DISK",
          "topologyPath" : "/default-rack/172.18.0.8:9866"
        }, {
          "replicaId" : 3,
          "location" : "172.18.0.9:9866",
          "storageId" : "DS-a4351ae1-b2f3-4472-92cb-7375e39399b7",
          "storageType" : "DISK",
          "topologyPath" : "/default-rack/172.18.0.9:9866"
        } ]
      } ]
    }, {
      "file" : "HdfsLocatedFileStatus{path=hdfs://nodemaster:9000/tmp/hive/hadoop/c802df8c-4ee2-4add-a403-eee251e2a285/hive_2020-06-28_22-50-02_129_5969062144332319871-1/-mr-10005/000009_0; isDirectory=false; length=96; replication=3; blocksize=134217728; modification_time=1593384740404; access_time=1593384740317; owner=hadoop; group=supergroup; permission=rw-r--r--; isSymlink=false; hasAcl=false; isEncrypted=false; isErasureCoded=false}",
      "blockList" : [ {
        "blockId" : 0,
        "replicaList" : [ {
          "replicaId" : 1,
          "location" : "172.18.0.12:9866",
          "storageId" : "DS-ff5d08e5-4f1c-44ee-ac01-eed086fb44f3",
          "storageType" : "DISK",
          "topologyPath" : "/default-rack/172.18.0.12:9866"
        }, {
          "replicaId" : 2,
          "location" : "172.18.0.7:9866",
          "storageId" : "DS-b6eba1a6-4edb-45d0-9fa5-f146a0a0ca76",
          "storageType" : "DISK",
          "topologyPath" : "/default-rack/172.18.0.7:9866"
        }, {
          "replicaId" : 3,
          "location" : "172.18.0.4:9866",
          "storageId" : "DS-0a019706-8dbf-41d3-9159-ec8fc5f9a709",
          "storageType" : "DISK",
          "topologyPath" : "/default-rack/172.18.0.4:9866"
        } ]
      } ]
    }, {
      "file" : "HdfsLocatedFileStatus{path=hdfs://nodemaster:9000/tmp/hive/hadoop/c802df8c-4ee2-4add-a403-eee251e2a285/hive_2020-06-28_22-50-02_129_5969062144332319871-1/-mr-10005/000010_0; isDirectory=false; length=96; replication=3; blocksize=134217728; modification_time=1593384739559; access_time=1593384739311; owner=hadoop; group=supergroup; permission=rw-r--r--; isSymlink=false; hasAcl=false; isEncrypted=false; isErasureCoded=false}",
      "blockList" : [ {
        "blockId" : 0,
        "replicaList" : [ {
          "replicaId" : 1,
          "location" : "172.18.0.9:9866",
          "storageId" : "DS-a4351ae1-b2f3-4472-92cb-7375e39399b7",
          "storageType" : "DISK",
          "topologyPath" : "/default-rack/172.18.0.9:9866"
        }, {
          "replicaId" : 2,
          "location" : "172.18.0.12:9866",
          "storageId" : "DS-ff5d08e5-4f1c-44ee-ac01-eed086fb44f3",
          "storageType" : "DISK",
          "topologyPath" : "/default-rack/172.18.0.12:9866"
        }, {
          "replicaId" : 3,
          "location" : "172.18.0.3:9866",
          "storageId" : "DS-a899440d-b28f-4698-bd32-a15a1b7c88ce",
          "storageType" : "DISK",
          "topologyPath" : "/default-rack/172.18.0.3:9866"
        } ]
      } ]
    }, {
      "file" : "HdfsLocatedFileStatus{path=hdfs://nodemaster:9000/tmp/hive/hadoop/c802df8c-4ee2-4add-a403-eee251e2a285/hive_2020-06-28_22-50-02_129_5969062144332319871-1/-mr-10005/000011_0; isDirectory=false; length=96; replication=3; blocksize=134217728; modification_time=1593384739056; access_time=1593384738843; owner=hadoop; group=supergroup; permission=rw-r--r--; isSymlink=false; hasAcl=false; isEncrypted=false; isErasureCoded=false}",
      "blockList" : [ {
        "blockId" : 0,
        "replicaList" : [ {
          "replicaId" : 1,
          "location" : "172.18.0.10:9866",
          "storageId" : "DS-ea63fcef-5705-488a-93d5-dad11ece7d18",
          "storageType" : "DISK",
          "topologyPath" : "/default-rack/172.18.0.10:9866"
        }, {
          "replicaId" : 2,
          "location" : "172.18.0.7:9866",
          "storageId" : "DS-b6eba1a6-4edb-45d0-9fa5-f146a0a0ca76",
          "storageType" : "DISK",
          "topologyPath" : "/default-rack/172.18.0.7:9866"
        }, {
          "replicaId" : 3,
          "location" : "172.18.0.5:9866",
          "storageId" : "DS-568b90ef-d59e-4989-ad17-9089347b1d55",
          "storageType" : "DISK",
          "topologyPath" : "/default-rack/172.18.0.5:9866"
        } ]
      } ]
    }, {
      "file" : "HdfsLocatedFileStatus{path=hdfs://nodemaster:9000/tmp/hive/hadoop/c802df8c-4ee2-4add-a403-eee251e2a285/hive_2020-06-28_22-50-02_129_5969062144332319871-1/-mr-10005/000012_0; isDirectory=false; length=96; replication=3; blocksize=134217728; modification_time=1593384738606; access_time=1593384738397; owner=hadoop; group=supergroup; permission=rw-r--r--; isSymlink=false; hasAcl=false; isEncrypted=false; isErasureCoded=false}",
      "blockList" : [ {
        "blockId" : 0,
        "replicaList" : [ {
          "replicaId" : 1,
          "location" : "172.18.0.3:9866",
          "storageId" : "DS-a899440d-b28f-4698-bd32-a15a1b7c88ce",
          "storageType" : "DISK",
          "topologyPath" : "/default-rack/172.18.0.3:9866"
        }, {
          "replicaId" : 2,
          "location" : "172.18.0.4:9866",
          "storageId" : "DS-0a019706-8dbf-41d3-9159-ec8fc5f9a709",
          "storageType" : "DISK",
          "topologyPath" : "/default-rack/172.18.0.4:9866"
        }, {
          "replicaId" : 3,
          "location" : "172.18.0.5:9866",
          "storageId" : "DS-568b90ef-d59e-4989-ad17-9089347b1d55",
          "storageType" : "DISK",
          "topologyPath" : "/default-rack/172.18.0.5:9866"
        } ]
      } ]
    }, {
      "file" : "HdfsLocatedFileStatus{path=hdfs://nodemaster:9000/tmp/hive/hadoop/c802df8c-4ee2-4add-a403-eee251e2a285/hive_2020-06-28_22-50-02_129_5969062144332319871-1/-mr-10005/000013_0; isDirectory=false; length=96; replication=3; blocksize=134217728; modification_time=1593384740517; access_time=1593384740418; owner=hadoop; group=supergroup; permission=rw-r--r--; isSymlink=false; hasAcl=false; isEncrypted=false; isErasureCoded=false}",
      "blockList" : [ {
        "blockId" : 0,
        "replicaList" : [ {
          "replicaId" : 1,
          "location" : "172.18.0.6:9866",
          "storageId" : "DS-ee5f10d4-279b-4ef2-8207-cbe6790eb0d9",
          "storageType" : "DISK",
          "topologyPath" : "/default-rack/172.18.0.6:9866"
        }, {
          "replicaId" : 2,
          "location" : "172.18.0.12:9866",
          "storageId" : "DS-ff5d08e5-4f1c-44ee-ac01-eed086fb44f3",
          "storageType" : "DISK",
          "topologyPath" : "/default-rack/172.18.0.12:9866"
        }, {
          "replicaId" : 3,
          "location" : "172.18.0.9:9866",
          "storageId" : "DS-a4351ae1-b2f3-4472-92cb-7375e39399b7",
          "storageType" : "DISK",
          "topologyPath" : "/default-rack/172.18.0.9:9866"
        } ]
      } ]
    }, {
      "file" : "HdfsLocatedFileStatus{path=hdfs://nodemaster:9000/tmp/hive/hadoop/c802df8c-4ee2-4add-a403-eee251e2a285/hive_2020-06-28_22-50-02_129_5969062144332319871-1/-mr-10005/000014_0; isDirectory=false; length=96; replication=3; blocksize=134217728; modification_time=1593384737312; access_time=1593384737104; owner=hadoop; group=supergroup; permission=rw-r--r--; isSymlink=false; hasAcl=false; isEncrypted=false; isErasureCoded=false}",
      "blockList" : [ {
        "blockId" : 0,
        "replicaList" : [ {
          "replicaId" : 1,
          "location" : "172.18.0.8:9866",
          "storageId" : "DS-2b298e07-0e2a-4514-b8ac-6060de687a12",
          "storageType" : "DISK",
          "topologyPath" : "/default-rack/172.18.0.8:9866"
        }, {
          "replicaId" : 2,
          "location" : "172.18.0.11:9866",
          "storageId" : "DS-54b919db-4755-40e4-ba0f-bd4c0d175494",
          "storageType" : "DISK",
          "topologyPath" : "/default-rack/172.18.0.11:9866"
        }, {
          "replicaId" : 3,
          "location" : "172.18.0.10:9866",
          "storageId" : "DS-ea63fcef-5705-488a-93d5-dad11ece7d18",
          "storageType" : "DISK",
          "topologyPath" : "/default-rack/172.18.0.10:9866"
        } ]
      } ]
    }, {
      "file" : "HdfsLocatedFileStatus{path=hdfs://nodemaster:9000/tmp/hive/hadoop/c802df8c-4ee2-4add-a403-eee251e2a285/hive_2020-06-28_22-50-02_129_5969062144332319871-1/-mr-10005/000015_0; isDirectory=false; length=96; replication=3; blocksize=134217728; modification_time=1593384739616; access_time=1593384739415; owner=hadoop; group=supergroup; permission=rw-r--r--; isSymlink=false; hasAcl=false; isEncrypted=false; isErasureCoded=false}",
      "blockList" : [ {
        "blockId" : 0,
        "replicaList" : [ {
          "replicaId" : 1,
          "location" : "172.18.0.4:9866",
          "storageId" : "DS-0a019706-8dbf-41d3-9159-ec8fc5f9a709",
          "storageType" : "DISK",
          "topologyPath" : "/default-rack/172.18.0.4:9866"
        }, {
          "replicaId" : 2,
          "location" : "172.18.0.7:9866",
          "storageId" : "DS-b6eba1a6-4edb-45d0-9fa5-f146a0a0ca76",
          "storageType" : "DISK",
          "topologyPath" : "/default-rack/172.18.0.7:9866"
        }, {
          "replicaId" : 3,
          "location" : "172.18.0.3:9866",
          "storageId" : "DS-a899440d-b28f-4698-bd32-a15a1b7c88ce",
          "storageType" : "DISK",
          "topologyPath" : "/default-rack/172.18.0.3:9866"
        } ]
      } ]
    } ]
  } ]
}