{
  "jobName" : "job_1593200024087_0016",
  "paths" : [ "hdfs://nodemaster:9000/tmp/hive/hadoop/27450f4b-29e9-4e63-9a77-3eceb28d493a/hive_2020-06-26_19-59-56_283_1891897223255151540-1/-mr-10009", "hdfs://nodemaster:9000/tmp/hive/hadoop/27450f4b-29e9-4e63-9a77-3eceb28d493a/hive_2020-06-26_19-59-56_283_1891897223255151540-1/-mr-10012" ],
  "locations" : [ "node5", "node10", "node3", "node8" ],
  "jobDataPaths" : [ {
    "path" : "hdfs://nodemaster:9000/tmp/hive/hadoop/27450f4b-29e9-4e63-9a77-3eceb28d493a/hive_2020-06-26_19-59-56_283_1891897223255151540-1/-mr-10009",
    "filesList" : [ {
      "file" : "HdfsLocatedFileStatus{path=hdfs://nodemaster:9000/tmp/hive/hadoop/27450f4b-29e9-4e63-9a77-3eceb28d493a/hive_2020-06-26_19-59-56_283_1891897223255151540-1/-mr-10009/000000_0; isDirectory=false; length=34149851; replication=3; blocksize=134217728; modification_time=1593201685377; access_time=1593201682180; owner=hadoop; group=supergroup; permission=rw-r--r--; isSymlink=false; hasAcl=false; isEncrypted=false; isErasureCoded=false}",
      "blockList" : [ {
        "blockId" : 0,
        "replicaList" : [ {
          "replicaId" : 1,
          "location" : "172.18.0.12:9866",
          "storageId" : "DS-23aa3d92-4b8e-4ed8-9343-d1fbcdb7985a",
          "storageType" : "DISK",
          "topologyPath" : "/default-rack/172.18.0.12:9866"
        }, {
          "replicaId" : 2,
          "location" : "172.18.0.6:9866",
          "storageId" : "DS-e6ea3630-3552-4bcd-823d-aad05e067c54",
          "storageType" : "DISK",
          "topologyPath" : "/default-rack/172.18.0.6:9866"
        }, {
          "replicaId" : 3,
          "location" : "172.18.0.10:9866",
          "storageId" : "DS-1f933f55-9a84-4557-b978-3df1c52b40cc",
          "storageType" : "DISK",
          "topologyPath" : "/default-rack/172.18.0.10:9866"
        } ]
      } ]
    }, {
      "file" : "HdfsLocatedFileStatus{path=hdfs://nodemaster:9000/tmp/hive/hadoop/27450f4b-29e9-4e63-9a77-3eceb28d493a/hive_2020-06-26_19-59-56_283_1891897223255151540-1/-mr-10009/000001_0; isDirectory=false; length=34830384; replication=3; blocksize=134217728; modification_time=1593201685437; access_time=1593201682140; owner=hadoop; group=supergroup; permission=rw-r--r--; isSymlink=false; hasAcl=false; isEncrypted=false; isErasureCoded=false}",
      "blockList" : [ {
        "blockId" : 0,
        "replicaList" : [ {
          "replicaId" : 1,
          "location" : "172.18.0.9:9866",
          "storageId" : "DS-b452a2da-34e5-4561-9426-60afafb5755d",
          "storageType" : "DISK",
          "topologyPath" : "/default-rack/172.18.0.9:9866"
        }, {
          "replicaId" : 2,
          "location" : "172.18.0.8:9866",
          "storageId" : "DS-4745e60f-3fbb-44ee-a211-336ab6a34ec2",
          "storageType" : "DISK",
          "topologyPath" : "/default-rack/172.18.0.8:9866"
        }, {
          "replicaId" : 3,
          "location" : "172.18.0.4:9866",
          "storageId" : "DS-bcb35d91-4542-488b-8c6c-3e2175a6a856",
          "storageType" : "DISK",
          "topologyPath" : "/default-rack/172.18.0.4:9866"
        } ]
      } ]
    }, {
      "file" : "HdfsLocatedFileStatus{path=hdfs://nodemaster:9000/tmp/hive/hadoop/27450f4b-29e9-4e63-9a77-3eceb28d493a/hive_2020-06-26_19-59-56_283_1891897223255151540-1/-mr-10009/000002_0; isDirectory=false; length=34270209; replication=3; blocksize=134217728; modification_time=1593201685969; access_time=1593201682967; owner=hadoop; group=supergroup; permission=rw-r--r--; isSymlink=false; hasAcl=false; isEncrypted=false; isErasureCoded=false}",
      "blockList" : [ {
        "blockId" : 0,
        "replicaList" : [ {
          "replicaId" : 1,
          "location" : "172.18.0.12:9866",
          "storageId" : "DS-23aa3d92-4b8e-4ed8-9343-d1fbcdb7985a",
          "storageType" : "DISK",
          "topologyPath" : "/default-rack/172.18.0.12:9866"
        }, {
          "replicaId" : 2,
          "location" : "172.18.0.7:9866",
          "storageId" : "DS-c593d964-0c47-46e2-b682-54f96b003b38",
          "storageType" : "DISK",
          "topologyPath" : "/default-rack/172.18.0.7:9866"
        }, {
          "replicaId" : 3,
          "location" : "172.18.0.11:9866",
          "storageId" : "DS-f10bdeae-7ddc-4b9c-a673-0bc0a35e87a7",
          "storageType" : "DISK",
          "topologyPath" : "/default-rack/172.18.0.11:9866"
        } ]
      } ]
    } ]
  }, {
    "path" : "hdfs://nodemaster:9000/tmp/hive/hadoop/27450f4b-29e9-4e63-9a77-3eceb28d493a/hive_2020-06-26_19-59-56_283_1891897223255151540-1/-mr-10012",
    "filesList" : [ {
      "file" : "HdfsLocatedFileStatus{path=hdfs://nodemaster:9000/tmp/hive/hadoop/27450f4b-29e9-4e63-9a77-3eceb28d493a/hive_2020-06-26_19-59-56_283_1891897223255151540-1/-mr-10012/000000_0; isDirectory=false; length=186; replication=3; blocksize=134217728; modification_time=1593201708367; access_time=1593201708304; owner=hadoop; group=supergroup; permission=rw-r--r--; isSymlink=false; hasAcl=false; isEncrypted=false; isErasureCoded=false}",
      "blockList" : [ {
        "blockId" : 0,
        "replicaList" : [ {
          "replicaId" : 1,
          "location" : "172.18.0.10:9866",
          "storageId" : "DS-1f933f55-9a84-4557-b978-3df1c52b40cc",
          "storageType" : "DISK",
          "topologyPath" : "/default-rack/172.18.0.10:9866"
        }, {
          "replicaId" : 2,
          "location" : "172.18.0.9:9866",
          "storageId" : "DS-b452a2da-34e5-4561-9426-60afafb5755d",
          "storageType" : "DISK",
          "topologyPath" : "/default-rack/172.18.0.9:9866"
        }, {
          "replicaId" : 3,
          "location" : "172.18.0.8:9866",
          "storageId" : "DS-4745e60f-3fbb-44ee-a211-336ab6a34ec2",
          "storageType" : "DISK",
          "topologyPath" : "/default-rack/172.18.0.8:9866"
        } ]
      } ]
    } ]
  } ]
}