{
  "jobName" : "job_1593200024087_0030",
  "paths" : [ "hdfs://nodemaster:9000/tmp/hive/hadoop/a8540809-fe12-4e6c-a1cf-057de2c4470f/hive_2020-06-26_20-04-50_056_7785776746563139062-1/-mr-10006" ],
  "locations" : [ "node10" ],
  "jobDataPaths" : [ {
    "path" : "hdfs://nodemaster:9000/tmp/hive/hadoop/a8540809-fe12-4e6c-a1cf-057de2c4470f/hive_2020-06-26_20-04-50_056_7785776746563139062-1/-mr-10006",
    "filesList" : [ {
      "file" : "HdfsLocatedFileStatus{path=hdfs://nodemaster:9000/tmp/hive/hadoop/a8540809-fe12-4e6c-a1cf-057de2c4470f/hive_2020-06-26_20-04-50_056_7785776746563139062-1/-mr-10006/000000_0; isDirectory=false; length=415007; replication=3; blocksize=134217728; modification_time=1593202140587; access_time=1593202140396; owner=hadoop; group=supergroup; permission=rw-r--r--; isSymlink=false; hasAcl=false; isEncrypted=false; isErasureCoded=false}",
      "blockList" : [ {
        "blockId" : 0,
        "replicaList" : [ {
          "replicaId" : 1,
          "location" : "172.18.0.11:9866",
          "storageId" : "DS-f10bdeae-7ddc-4b9c-a673-0bc0a35e87a7",
          "storageType" : "DISK",
          "topologyPath" : "/default-rack/172.18.0.11:9866"
        }, {
          "replicaId" : 2,
          "location" : "172.18.0.7:9866",
          "storageId" : "DS-c593d964-0c47-46e2-b682-54f96b003b38",
          "storageType" : "DISK",
          "topologyPath" : "/default-rack/172.18.0.7:9866"
        }, {
          "replicaId" : 3,
          "location" : "172.18.0.3:9866",
          "storageId" : "DS-ce3ee9c6-b271-4604-8eed-6aa6bc320b3d",
          "storageType" : "DISK",
          "topologyPath" : "/default-rack/172.18.0.3:9866"
        } ]
      } ]
    } ]
  } ]
}