{
  "jobName" : "job_1593290710710_0089",
  "paths" : [ "hdfs://nodemaster:9000/tmp/hive/hadoop/48392efe-84fb-43e2-8664-bb8b0a2ebff1/hive_2020-06-27_22-00-07_213_5603600204516706861-1/-mr-10005" ],
  "locations" : [ "node11" ],
  "jobDataPaths" : [ {
    "path" : "hdfs://nodemaster:9000/tmp/hive/hadoop/48392efe-84fb-43e2-8664-bb8b0a2ebff1/hive_2020-06-27_22-00-07_213_5603600204516706861-1/-mr-10005",
    "filesList" : [ {
      "file" : "HdfsLocatedFileStatus{path=hdfs://nodemaster:9000/tmp/hive/hadoop/48392efe-84fb-43e2-8664-bb8b0a2ebff1/hive_2020-06-27_22-00-07_213_5603600204516706861-1/-mr-10005/000000_0; isDirectory=false; length=243; replication=3; blocksize=134217728; modification_time=1593295338046; access_time=1593295337977; owner=hadoop; group=supergroup; permission=rw-r--r--; isSymlink=false; hasAcl=false; isEncrypted=false; isErasureCoded=false}",
      "blockList" : [ {
        "blockId" : 0,
        "replicaList" : [ {
          "replicaId" : 1,
          "location" : "172.18.0.12:9866",
          "storageId" : "DS-28a687e0-7c37-4875-ae56-fc857f2aedd3",
          "storageType" : "DISK",
          "topologyPath" : "/default-rack/172.18.0.12:9866"
        }, {
          "replicaId" : 2,
          "location" : "172.18.0.7:9866",
          "storageId" : "DS-5eb6433f-20c9-4afc-8309-7bf36e18d8d7",
          "storageType" : "DISK",
          "topologyPath" : "/default-rack/172.18.0.7:9866"
        }, {
          "replicaId" : 3,
          "location" : "172.18.0.9:9866",
          "storageId" : "DS-2e6d2d13-9a3b-42cf-ad39-585f68a234f3",
          "storageType" : "DISK",
          "topologyPath" : "/default-rack/172.18.0.9:9866"
        } ]
      } ]
    } ]
  } ]
}