{
  "jobName" : "job_1593290710710_0072",
  "paths" : [ "hdfs://nodemaster:9000/tmp/hive/hadoop/517b8cb4-70ff-40f7-ab16-86b23adf14e6/hive_2020-06-27_21-43-54_493_1000096009848197066-1/-mr-10006" ],
  "locations" : [ "node4" ],
  "jobDataPaths" : [ {
    "path" : "hdfs://nodemaster:9000/tmp/hive/hadoop/517b8cb4-70ff-40f7-ab16-86b23adf14e6/hive_2020-06-27_21-43-54_493_1000096009848197066-1/-mr-10006",
    "filesList" : [ {
      "file" : "HdfsLocatedFileStatus{path=hdfs://nodemaster:9000/tmp/hive/hadoop/517b8cb4-70ff-40f7-ab16-86b23adf14e6/hive_2020-06-27_21-43-54_493_1000096009848197066-1/-mr-10006/000000_0; isDirectory=false; length=109024; replication=3; blocksize=134217728; modification_time=1593294399632; access_time=1593294399430; owner=hadoop; group=supergroup; permission=rw-r--r--; isSymlink=false; hasAcl=false; isEncrypted=false; isErasureCoded=false}",
      "blockList" : [ {
        "blockId" : 0,
        "replicaList" : [ {
          "replicaId" : 1,
          "location" : "172.18.0.6:9866",
          "storageId" : "DS-620ce234-90b2-4333-86ca-a20de1cf9d2f",
          "storageType" : "DISK",
          "topologyPath" : "/default-rack/172.18.0.6:9866"
        }, {
          "replicaId" : 2,
          "location" : "172.18.0.5:9866",
          "storageId" : "DS-a1ff18c6-fbd0-4e6a-9bb0-3734720c263c",
          "storageType" : "DISK",
          "topologyPath" : "/default-rack/172.18.0.5:9866"
        }, {
          "replicaId" : 3,
          "location" : "172.18.0.3:9866",
          "storageId" : "DS-f654c918-ed27-4a0b-adde-225680fca75e",
          "storageType" : "DISK",
          "topologyPath" : "/default-rack/172.18.0.3:9866"
        } ]
      } ]
    } ]
  } ]
}