{
  "jobName" : "job_1593115633826_0055",
  "paths" : [ "hdfs://nodemaster:9000/tmp/hive/hadoop/153a1a80-0c2a-4b2f-85ef-e3f4562a65ba/hive_2020-06-25_20-41-18_179_746111935255330025-1/-mr-10004", "hdfs://nodemaster:9000/user/hive/warehouse/supplier" ],
  "locations" : [ "node10", "node10" ],
  "jobDataPaths" : [ {
    "path" : "hdfs://nodemaster:9000/tmp/hive/hadoop/153a1a80-0c2a-4b2f-85ef-e3f4562a65ba/hive_2020-06-25_20-41-18_179_746111935255330025-1/-mr-10004",
    "filesList" : [ {
      "file" : "HdfsLocatedFileStatus{path=hdfs://nodemaster:9000/tmp/hive/hadoop/153a1a80-0c2a-4b2f-85ef-e3f4562a65ba/hive_2020-06-25_20-41-18_179_746111935255330025-1/-mr-10004/000000_0; isDirectory=false; length=231; replication=3; blocksize=134217728; modification_time=1593117700432; access_time=1593117700369; owner=hadoop; group=supergroup; permission=rw-r--r--; isSymlink=false; hasAcl=false; isEncrypted=false; isErasureCoded=false}",
      "blockList" : [ {
        "blockId" : 0,
        "replicaList" : [ {
          "replicaId" : 1,
          "location" : "172.18.0.3:9866",
          "storageId" : "DS-fa820258-52aa-46ac-b72c-ad92c390b528",
          "storageType" : "DISK",
          "topologyPath" : "/default-rack/172.18.0.3:9866"
        }, {
          "replicaId" : 2,
          "location" : "172.18.0.11:9866",
          "storageId" : "DS-efbcd717-8ac4-420f-b69d-86268e701d33",
          "storageType" : "DISK",
          "topologyPath" : "/default-rack/172.18.0.11:9866"
        }, {
          "replicaId" : 3,
          "location" : "172.18.0.7:9866",
          "storageId" : "DS-59b638d8-2e96-4a0b-b1f4-27e72579b7c8",
          "storageType" : "DISK",
          "topologyPath" : "/default-rack/172.18.0.7:9866"
        } ]
      } ]
    } ]
  }, {
    "path" : "hdfs://nodemaster:9000/user/hive/warehouse/supplier",
    "filesList" : [ {
      "file" : "HdfsLocatedFileStatus{path=hdfs://nodemaster:9000/user/hive/warehouse/supplier/supplier.tbl; isDirectory=false; length=7088217; replication=3; blocksize=134217728; modification_time=1593115799272; access_time=1593115798494; owner=hadoop; group=supergroup; permission=rw-r--r--; isSymlink=false; hasAcl=false; isEncrypted=false; isErasureCoded=false}",
      "blockList" : [ {
        "blockId" : 0,
        "replicaList" : [ {
          "replicaId" : 1,
          "location" : "172.18.0.8:9866",
          "storageId" : "DS-794683da-48f9-47cb-80d5-f83b99913a0b",
          "storageType" : "DISK",
          "topologyPath" : "/default-rack/172.18.0.8:9866"
        }, {
          "replicaId" : 2,
          "location" : "172.18.0.4:9866",
          "storageId" : "DS-9ec31762-7ca3-4ec0-b265-6ff0b16012c4",
          "storageType" : "DISK",
          "topologyPath" : "/default-rack/172.18.0.4:9866"
        }, {
          "replicaId" : 3,
          "location" : "172.18.0.11:9866",
          "storageId" : "DS-efbcd717-8ac4-420f-b69d-86268e701d33",
          "storageType" : "DISK",
          "topologyPath" : "/default-rack/172.18.0.11:9866"
        } ]
      } ]
    } ]
  } ]
}