{
  "jobName" : "job_1593115633826_0056",
  "paths" : [ "hdfs://nodemaster:9000/tmp/hive/hadoop/153a1a80-0c2a-4b2f-85ef-e3f4562a65ba/hive_2020-06-25_20-41-18_179_746111935255330025-1/-mr-10009", "hdfs://nodemaster:9000/tmp/hive/hadoop/153a1a80-0c2a-4b2f-85ef-e3f4562a65ba/hive_2020-06-25_20-41-18_179_746111935255330025-1/-mr-10012" ],
  "locations" : [ "node4", "node10", "node10" ],
  "jobDataPaths" : [ {
    "path" : "hdfs://nodemaster:9000/tmp/hive/hadoop/153a1a80-0c2a-4b2f-85ef-e3f4562a65ba/hive_2020-06-25_20-41-18_179_746111935255330025-1/-mr-10009",
    "filesList" : [ {
      "file" : "HdfsLocatedFileStatus{path=hdfs://nodemaster:9000/tmp/hive/hadoop/153a1a80-0c2a-4b2f-85ef-e3f4562a65ba/hive_2020-06-25_20-41-18_179_746111935255330025-1/-mr-10009/000000_0; isDirectory=false; length=34149851; replication=3; blocksize=134217728; modification_time=1593117770329; access_time=1593117767216; owner=hadoop; group=supergroup; permission=rw-r--r--; isSymlink=false; hasAcl=false; isEncrypted=false; isErasureCoded=false}",
      "blockList" : [ {
        "blockId" : 0,
        "replicaList" : [ {
          "replicaId" : 1,
          "location" : "172.18.0.6:9866",
          "storageId" : "DS-510f936c-71ef-4876-b5f2-3cf96b4fbb3d",
          "storageType" : "DISK",
          "topologyPath" : "/default-rack/172.18.0.6:9866"
        }, {
          "replicaId" : 2,
          "location" : "172.18.0.5:9866",
          "storageId" : "DS-549d54c8-ddaa-479a-a1c5-7761e6926c22",
          "storageType" : "DISK",
          "topologyPath" : "/default-rack/172.18.0.5:9866"
        }, {
          "replicaId" : 3,
          "location" : "172.18.0.10:9866",
          "storageId" : "DS-51bc4e0b-7688-4fed-b582-5ceb97621812",
          "storageType" : "DISK",
          "topologyPath" : "/default-rack/172.18.0.10:9866"
        } ]
      } ]
    }, {
      "file" : "HdfsLocatedFileStatus{path=hdfs://nodemaster:9000/tmp/hive/hadoop/153a1a80-0c2a-4b2f-85ef-e3f4562a65ba/hive_2020-06-25_20-41-18_179_746111935255330025-1/-mr-10009/000001_0; isDirectory=false; length=34830384; replication=3; blocksize=134217728; modification_time=1593117769755; access_time=1593117766470; owner=hadoop; group=supergroup; permission=rw-r--r--; isSymlink=false; hasAcl=false; isEncrypted=false; isErasureCoded=false}",
      "blockList" : [ {
        "blockId" : 0,
        "replicaList" : [ {
          "replicaId" : 1,
          "location" : "172.18.0.11:9866",
          "storageId" : "DS-efbcd717-8ac4-420f-b69d-86268e701d33",
          "storageType" : "DISK",
          "topologyPath" : "/default-rack/172.18.0.11:9866"
        }, {
          "replicaId" : 2,
          "location" : "172.18.0.7:9866",
          "storageId" : "DS-59b638d8-2e96-4a0b-b1f4-27e72579b7c8",
          "storageType" : "DISK",
          "topologyPath" : "/default-rack/172.18.0.7:9866"
        }, {
          "replicaId" : 3,
          "location" : "172.18.0.9:9866",
          "storageId" : "DS-2f67b030-401b-46ab-a992-33e160d7dab0",
          "storageType" : "DISK",
          "topologyPath" : "/default-rack/172.18.0.9:9866"
        } ]
      } ]
    }, {
      "file" : "HdfsLocatedFileStatus{path=hdfs://nodemaster:9000/tmp/hive/hadoop/153a1a80-0c2a-4b2f-85ef-e3f4562a65ba/hive_2020-06-25_20-41-18_179_746111935255330025-1/-mr-10009/000002_0; isDirectory=false; length=34270209; replication=3; blocksize=134217728; modification_time=1593117770426; access_time=1593117767255; owner=hadoop; group=supergroup; permission=rw-r--r--; isSymlink=false; hasAcl=false; isEncrypted=false; isErasureCoded=false}",
      "blockList" : [ {
        "blockId" : 0,
        "replicaList" : [ {
          "replicaId" : 1,
          "location" : "172.18.0.10:9866",
          "storageId" : "DS-51bc4e0b-7688-4fed-b582-5ceb97621812",
          "storageType" : "DISK",
          "topologyPath" : "/default-rack/172.18.0.10:9866"
        }, {
          "replicaId" : 2,
          "location" : "172.18.0.5:9866",
          "storageId" : "DS-549d54c8-ddaa-479a-a1c5-7761e6926c22",
          "storageType" : "DISK",
          "topologyPath" : "/default-rack/172.18.0.5:9866"
        }, {
          "replicaId" : 3,
          "location" : "172.18.0.3:9866",
          "storageId" : "DS-fa820258-52aa-46ac-b72c-ad92c390b528",
          "storageType" : "DISK",
          "topologyPath" : "/default-rack/172.18.0.3:9866"
        } ]
      } ]
    } ]
  }, {
    "path" : "hdfs://nodemaster:9000/tmp/hive/hadoop/153a1a80-0c2a-4b2f-85ef-e3f4562a65ba/hive_2020-06-25_20-41-18_179_746111935255330025-1/-mr-10012",
    "filesList" : [ {
      "file" : "HdfsLocatedFileStatus{path=hdfs://nodemaster:9000/tmp/hive/hadoop/153a1a80-0c2a-4b2f-85ef-e3f4562a65ba/hive_2020-06-25_20-41-18_179_746111935255330025-1/-mr-10012/000000_0; isDirectory=false; length=186; replication=3; blocksize=134217728; modification_time=1593117792821; access_time=1593117792760; owner=hadoop; group=supergroup; permission=rw-r--r--; isSymlink=false; hasAcl=false; isEncrypted=false; isErasureCoded=false}",
      "blockList" : [ {
        "blockId" : 0,
        "replicaList" : [ {
          "replicaId" : 1,
          "location" : "172.18.0.11:9866",
          "storageId" : "DS-efbcd717-8ac4-420f-b69d-86268e701d33",
          "storageType" : "DISK",
          "topologyPath" : "/default-rack/172.18.0.11:9866"
        }, {
          "replicaId" : 2,
          "location" : "172.18.0.3:9866",
          "storageId" : "DS-fa820258-52aa-46ac-b72c-ad92c390b528",
          "storageType" : "DISK",
          "topologyPath" : "/default-rack/172.18.0.3:9866"
        }, {
          "replicaId" : 3,
          "location" : "172.18.0.10:9866",
          "storageId" : "DS-51bc4e0b-7688-4fed-b582-5ceb97621812",
          "storageType" : "DISK",
          "topologyPath" : "/default-rack/172.18.0.10:9866"
        } ]
      } ]
    } ]
  } ]
}