{
  "fileName" : "customer",
  "filePath" : "hdfs://nodemaster:9000/user/hive/warehouse/customer/customer.tbl",
  "fileSize" : 122131132,
  "blockLocations" : [ {
    "blockId" : "blk_1073741832_1008",
    "blockLocation" : {
      "hosts" : [ "node7", "node8", "node3" ],
      "cachedHosts" : [ ],
      "names" : [ "172.18.0.8:9866", "172.18.0.9:9866", "172.18.0.4:9866" ],
      "topologyPaths" : [ "/default-rack/172.18.0.8:9866", "/default-rack/172.18.0.9:9866", "/default-rack/172.18.0.4:9866" ],
      "storageIds" : [ "DS-4745e60f-3fbb-44ee-a211-336ab6a34ec2", "DS-b452a2da-34e5-4561-9426-60afafb5755d", "DS-bcb35d91-4542-488b-8c6c-3e2175a6a856" ],
      "storageTypes" : [ "DISK", "DISK", "DISK" ],
      "offset" : 0,
      "length" : 122131132,
      "corrupt" : false
    }
  } ]
}