{
  "fileName" : "nation",
  "filePath" : "hdfs://nodemaster:9000/user/hive/warehouse/nation/nation.tbl",
  "fileSize" : 2224,
  "blockLocations" : [ {
    "blockId" : "blk_1073741869_1045",
    "blockLocation" : {
      "hosts" : [ "node9", "node3", "node7" ],
      "cachedHosts" : [ ],
      "names" : [ "172.18.0.10:9866", "172.18.0.4:9866", "172.18.0.8:9866" ],
      "topologyPaths" : [ "/default-rack/172.18.0.10:9866", "/default-rack/172.18.0.4:9866", "/default-rack/172.18.0.8:9866" ],
      "storageIds" : [ "DS-1f933f55-9a84-4557-b978-3df1c52b40cc", "DS-bcb35d91-4542-488b-8c6c-3e2175a6a856", "DS-4745e60f-3fbb-44ee-a211-336ab6a34ec2" ],
      "storageTypes" : [ "DISK", "DISK", "DISK" ],
      "offset" : 0,
      "length" : 2224,
      "corrupt" : false
    }
  } ]
}