{
  "fileName" : "part",
  "filePath" : "hdfs://nodemaster:9000/user/hive/warehouse/part/part.tbl",
  "fileSize" : 121121810,
  "blockLocations" : [ {
    "blockId" : "blk_1073741825_1001",
    "blockLocation" : {
      "hosts" : [ "node11", "node2", "node7" ],
      "cachedHosts" : [ ],
      "names" : [ "172.18.0.12:9866", "172.18.0.3:9866", "172.18.0.8:9866" ],
      "topologyPaths" : [ "/default-rack/172.18.0.12:9866", "/default-rack/172.18.0.3:9866", "/default-rack/172.18.0.8:9866" ],
      "storageIds" : [ "DS-23aa3d92-4b8e-4ed8-9343-d1fbcdb7985a", "DS-ce3ee9c6-b271-4604-8eed-6aa6bc320b3d", "DS-4745e60f-3fbb-44ee-a211-336ab6a34ec2" ],
      "storageTypes" : [ "DISK", "DISK", "DISK" ],
      "offset" : 0,
      "length" : 121121810,
      "corrupt" : false
    }
  } ]
}