{
  "fileName" : "region",
  "filePath" : "hdfs://nodemaster:9000/user/hive/warehouse/region/region.tbl",
  "fileSize" : 389,
  "blockLocations" : [ {
    "blockId" : "blk_1073741870_1046",
    "blockLocation" : {
      "hosts" : [ "node6", "node9", "node4" ],
      "cachedHosts" : [ ],
      "names" : [ "172.18.0.7:9866", "172.18.0.10:9866", "172.18.0.5:9866" ],
      "topologyPaths" : [ "/default-rack/172.18.0.7:9866", "/default-rack/172.18.0.10:9866", "/default-rack/172.18.0.5:9866" ],
      "storageIds" : [ "DS-c593d964-0c47-46e2-b682-54f96b003b38", "DS-1f933f55-9a84-4557-b978-3df1c52b40cc", "DS-6091f375-bd25-4bc3-b100-022ed0e69cb1" ],
      "storageTypes" : [ "DISK", "DISK", "DISK" ],
      "offset" : 0,
      "length" : 389,
      "corrupt" : false
    }
  } ]
}