{
  "fileName" : "supplier",
  "filePath" : "hdfs://nodemaster:9000/user/hive/warehouse/supplier/supplier.tbl",
  "fileSize" : 7088217,
  "blockLocations" : [ {
    "blockId" : "blk_1073741826_1002",
    "blockLocation" : {
      "hosts" : [ "node11", "node2", "node6" ],
      "cachedHosts" : [ ],
      "names" : [ "172.18.0.12:9866", "172.18.0.3:9866", "172.18.0.7:9866" ],
      "topologyPaths" : [ "/default-rack/172.18.0.12:9866", "/default-rack/172.18.0.3:9866", "/default-rack/172.18.0.7:9866" ],
      "storageIds" : [ "DS-23aa3d92-4b8e-4ed8-9343-d1fbcdb7985a", "DS-ce3ee9c6-b271-4604-8eed-6aa6bc320b3d", "DS-c593d964-0c47-46e2-b682-54f96b003b38" ],
      "storageTypes" : [ "DISK", "DISK", "DISK" ],
      "offset" : 0,
      "length" : 7088217,
      "corrupt" : false
    }
  } ]
}