{
  "jobName" : "job_1593115633826_0083",
  "paths" : [ "hdfs://nodemaster:9000/tmp/hive/hadoop/73fc9843-9762-454d-bdf1-2b76b74e622f/hive_2020-06-25_21-03-43_328_3621955691195585452-1/-mr-10005" ],
  "locations" : [ "node4" ],
  "jobDataPaths" : [ {
    "path" : "hdfs://nodemaster:9000/tmp/hive/hadoop/73fc9843-9762-454d-bdf1-2b76b74e622f/hive_2020-06-25_21-03-43_328_3621955691195585452-1/-mr-10005",
    "filesList" : [ {
      "file" : "HdfsLocatedFileStatus{path=hdfs://nodemaster:9000/tmp/hive/hadoop/73fc9843-9762-454d-bdf1-2b76b74e622f/hive_2020-06-25_21-03-43_328_3621955691195585452-1/-mr-10005/000000_0; isDirectory=false; length=243; replication=3; blocksize=134217728; modification_time=1593119159716; access_time=1593119159647; owner=hadoop; group=supergroup; permission=rw-r--r--; isSymlink=false; hasAcl=false; isEncrypted=false; isErasureCoded=false}",
      "blockList" : [ {
        "blockId" : 0,
        "replicaList" : [ {
          "replicaId" : 1,
          "location" : "172.18.0.5:9866",
          "storageId" : "DS-549d54c8-ddaa-479a-a1c5-7761e6926c22",
          "storageType" : "DISK",
          "topologyPath" : "/default-rack/172.18.0.5:9866"
        }, {
          "replicaId" : 2,
          "location" : "172.18.0.11:9866",
          "storageId" : "DS-efbcd717-8ac4-420f-b69d-86268e701d33",
          "storageType" : "DISK",
          "topologyPath" : "/default-rack/172.18.0.11:9866"
        }, {
          "replicaId" : 3,
          "location" : "172.18.0.9:9866",
          "storageId" : "DS-2f67b030-401b-46ab-a992-33e160d7dab0",
          "storageType" : "DISK",
          "topologyPath" : "/default-rack/172.18.0.9:9866"
        } ]
      } ]
    } ]
  } ]
}