{
  "jobName" : "job_1593290710710_0059",
  "paths" : [ "hdfs://nodemaster:9000/tmp/hive/hadoop/62bd3b71-dc9a-4a56-8ba6-93c8afa7b76b/hive_2020-06-27_21-32-05_446_5973607077297075872-1/-mr-10005", "hdfs://nodemaster:9000/tmp/hive/hadoop/62bd3b71-dc9a-4a56-8ba6-93c8afa7b76b/hive_2020-06-27_21-32-05_446_5973607077297075872-1/-mr-10008" ],
  "locations" : [ "node4", "node4" ],
  "jobDataPaths" : [ {
    "path" : "hdfs://nodemaster:9000/tmp/hive/hadoop/62bd3b71-dc9a-4a56-8ba6-93c8afa7b76b/hive_2020-06-27_21-32-05_446_5973607077297075872-1/-mr-10005",
    "filesList" : [ {
      "file" : "HdfsLocatedFileStatus{path=hdfs://nodemaster:9000/tmp/hive/hadoop/62bd3b71-dc9a-4a56-8ba6-93c8afa7b76b/hive_2020-06-27_21-32-05_446_5973607077297075872-1/-mr-10005/000000_0; isDirectory=false; length=1575089; replication=3; blocksize=134217728; modification_time=1593293662719; access_time=1593293662482; owner=hadoop; group=supergroup; permission=rw-r--r--; isSymlink=false; hasAcl=false; isEncrypted=false; isErasureCoded=false}",
      "blockList" : [ {
        "blockId" : 0,
        "replicaList" : [ {
          "replicaId" : 1,
          "location" : "172.18.0.4:9866",
          "storageId" : "DS-d24d0df7-7569-4ab9-8c45-f0dfd753a140",
          "storageType" : "DISK",
          "topologyPath" : "/default-rack/172.18.0.4:9866"
        }, {
          "replicaId" : 2,
          "location" : "172.18.0.5:9866",
          "storageId" : "DS-a1ff18c6-fbd0-4e6a-9bb0-3734720c263c",
          "storageType" : "DISK",
          "topologyPath" : "/default-rack/172.18.0.5:9866"
        }, {
          "replicaId" : 3,
          "location" : "172.18.0.10:9866",
          "storageId" : "DS-9c660096-8408-4d69-8580-89607392de2b",
          "storageType" : "DISK",
          "topologyPath" : "/default-rack/172.18.0.10:9866"
        } ]
      } ]
    } ]
  }, {
    "path" : "hdfs://nodemaster:9000/tmp/hive/hadoop/62bd3b71-dc9a-4a56-8ba6-93c8afa7b76b/hive_2020-06-27_21-32-05_446_5973607077297075872-1/-mr-10008",
    "filesList" : [ {
      "file" : "HdfsLocatedFileStatus{path=hdfs://nodemaster:9000/tmp/hive/hadoop/62bd3b71-dc9a-4a56-8ba6-93c8afa7b76b/hive_2020-06-27_21-32-05_446_5973607077297075872-1/-mr-10008/000000_0; isDirectory=false; length=93795; replication=3; blocksize=134217728; modification_time=1593293753642; access_time=1593293752850; owner=hadoop; group=supergroup; permission=rw-r--r--; isSymlink=false; hasAcl=false; isEncrypted=false; isErasureCoded=false}",
      "blockList" : [ {
        "blockId" : 0,
        "replicaList" : [ {
          "replicaId" : 1,
          "location" : "172.18.0.5:9866",
          "storageId" : "DS-a1ff18c6-fbd0-4e6a-9bb0-3734720c263c",
          "storageType" : "DISK",
          "topologyPath" : "/default-rack/172.18.0.5:9866"
        }, {
          "replicaId" : 2,
          "location" : "172.18.0.10:9866",
          "storageId" : "DS-9c660096-8408-4d69-8580-89607392de2b",
          "storageType" : "DISK",
          "topologyPath" : "/default-rack/172.18.0.10:9866"
        }, {
          "replicaId" : 3,
          "location" : "172.18.0.4:9866",
          "storageId" : "DS-d24d0df7-7569-4ab9-8c45-f0dfd753a140",
          "storageType" : "DISK",
          "topologyPath" : "/default-rack/172.18.0.4:9866"
        } ]
      } ]
    } ]
  } ]
}