{
  "jobName" : "job_1593381723832_0017",
  "paths" : [ "hdfs://nodemaster:9000/tmp/hive/hadoop/20adc397-c9d9-4b47-b380-faa90f4cba30/hive_2020-06-28_22-25-35_906_2801297639995576774-1/-mr-10010" ],
  "locations" : [ "node9" ],
  "jobDataPaths" : [ {
    "path" : "hdfs://nodemaster:9000/tmp/hive/hadoop/20adc397-c9d9-4b47-b380-faa90f4cba30/hive_2020-06-28_22-25-35_906_2801297639995576774-1/-mr-10010",
    "filesList" : [ {
      "file" : "HdfsLocatedFileStatus{path=hdfs://nodemaster:9000/tmp/hive/hadoop/20adc397-c9d9-4b47-b380-faa90f4cba30/hive_2020-06-28_22-25-35_906_2801297639995576774-1/-mr-10010/000000_0; isDirectory=false; length=14636505; replication=3; blocksize=134217728; modification_time=1593383308946; access_time=1593383308170; owner=hadoop; group=supergroup; permission=rw-r--r--; isSymlink=false; hasAcl=false; isEncrypted=false; isErasureCoded=false}",
      "blockList" : [ {
        "blockId" : 0,
        "replicaList" : [ {
          "replicaId" : 1,
          "location" : "172.18.0.10:9866",
          "storageId" : "DS-ea63fcef-5705-488a-93d5-dad11ece7d18",
          "storageType" : "DISK",
          "topologyPath" : "/default-rack/172.18.0.10:9866"
        }, {
          "replicaId" : 2,
          "location" : "172.18.0.7:9866",
          "storageId" : "DS-b6eba1a6-4edb-45d0-9fa5-f146a0a0ca76",
          "storageType" : "DISK",
          "topologyPath" : "/default-rack/172.18.0.7:9866"
        }, {
          "replicaId" : 3,
          "location" : "172.18.0.8:9866",
          "storageId" : "DS-2b298e07-0e2a-4514-b8ac-6060de687a12",
          "storageType" : "DISK",
          "topologyPath" : "/default-rack/172.18.0.8:9866"
        } ]
      } ]
    } ]
  } ]
}