{
  "fileName" : "customer",
  "filePath" : "hdfs://nodemaster:9000/user/hive/warehouse/customer/customer.tbl",
  "fileSize" : 122131132,
  "blockLocations" : [ {
    "blockId" : "blk_1073741832_1008",
    "blockLocation" : {
      "hosts" : [ "node7", "node8", "node3" ],
      "cachedHosts" : [ ],
      "names" : [ "172.18.0.8:9866", "172.18.0.9:9866", "172.18.0.4:9866" ],
      "topologyPaths" : [ "/default-rack/172.18.0.8:9866", "/default-rack/172.18.0.9:9866", "/default-rack/172.18.0.4:9866" ],
      "storageIds" : [ "DS-2b298e07-0e2a-4514-b8ac-6060de687a12", "DS-a4351ae1-b2f3-4472-92cb-7375e39399b7", "DS-0a019706-8dbf-41d3-9159-ec8fc5f9a709" ],
      "storageTypes" : [ "DISK", "DISK", "DISK" ],
      "offset" : 0,
      "length" : 122131132,
      "corrupt" : false
    }
  } ]
}