{
  "fileName" : "nation",
  "filePath" : "hdfs://nodemaster:9000/user/hive/warehouse/nation/nation.tbl",
  "fileSize" : 2224,
  "blockLocations" : [ {
    "blockId" : "blk_1073741869_1045",
    "blockLocation" : {
      "hosts" : [ "node9", "node3", "node7" ],
      "cachedHosts" : [ ],
      "names" : [ "172.18.0.10:9866", "172.18.0.4:9866", "172.18.0.8:9866" ],
      "topologyPaths" : [ "/default-rack/172.18.0.10:9866", "/default-rack/172.18.0.4:9866", "/default-rack/172.18.0.8:9866" ],
      "storageIds" : [ "DS-ea63fcef-5705-488a-93d5-dad11ece7d18", "DS-0a019706-8dbf-41d3-9159-ec8fc5f9a709", "DS-2b298e07-0e2a-4514-b8ac-6060de687a12" ],
      "storageTypes" : [ "DISK", "DISK", "DISK" ],
      "offset" : 0,
      "length" : 2224,
      "corrupt" : false
    }
  } ]
}