{
  "fileName" : "part",
  "filePath" : "hdfs://nodemaster:9000/user/hive/warehouse/part/part.tbl",
  "fileSize" : 121121810,
  "blockLocations" : [ {
    "blockId" : "blk_1073741825_1001",
    "blockLocation" : {
      "hosts" : [ "node7", "node2", "node11" ],
      "cachedHosts" : [ ],
      "names" : [ "172.18.0.8:9866", "172.18.0.3:9866", "172.18.0.12:9866" ],
      "topologyPaths" : [ "/default-rack/172.18.0.8:9866", "/default-rack/172.18.0.3:9866", "/default-rack/172.18.0.12:9866" ],
      "storageIds" : [ "DS-2b298e07-0e2a-4514-b8ac-6060de687a12", "DS-a899440d-b28f-4698-bd32-a15a1b7c88ce", "DS-ff5d08e5-4f1c-44ee-ac01-eed086fb44f3" ],
      "storageTypes" : [ "DISK", "DISK", "DISK" ],
      "offset" : 0,
      "length" : 121121810,
      "corrupt" : false
    }
  } ]
}