{
  "fileName" : "region",
  "filePath" : "hdfs://nodemaster:9000/user/hive/warehouse/region/region.tbl",
  "fileSize" : 389,
  "blockLocations" : [ {
    "blockId" : "blk_1073741870_1046",
    "blockLocation" : {
      "hosts" : [ "node4", "node9", "node6" ],
      "cachedHosts" : [ ],
      "names" : [ "172.18.0.5:9866", "172.18.0.10:9866", "172.18.0.7:9866" ],
      "topologyPaths" : [ "/default-rack/172.18.0.5:9866", "/default-rack/172.18.0.10:9866", "/default-rack/172.18.0.7:9866" ],
      "storageIds" : [ "DS-568b90ef-d59e-4989-ad17-9089347b1d55", "DS-ea63fcef-5705-488a-93d5-dad11ece7d18", "DS-b6eba1a6-4edb-45d0-9fa5-f146a0a0ca76" ],
      "storageTypes" : [ "DISK", "DISK", "DISK" ],
      "offset" : 0,
      "length" : 389,
      "corrupt" : false
    }
  } ]
}