{
  "fileName" : "supplier",
  "filePath" : "hdfs://nodemaster:9000/user/hive/warehouse/supplier/supplier.tbl",
  "fileSize" : 7088217,
  "blockLocations" : [ {
    "blockId" : "blk_1073741826_1002",
    "blockLocation" : {
      "hosts" : [ "node2", "node6", "node11" ],
      "cachedHosts" : [ ],
      "names" : [ "172.18.0.3:9866", "172.18.0.7:9866", "172.18.0.12:9866" ],
      "topologyPaths" : [ "/default-rack/172.18.0.3:9866", "/default-rack/172.18.0.7:9866", "/default-rack/172.18.0.12:9866" ],
      "storageIds" : [ "DS-a899440d-b28f-4698-bd32-a15a1b7c88ce", "DS-b6eba1a6-4edb-45d0-9fa5-f146a0a0ca76", "DS-ff5d08e5-4f1c-44ee-ac01-eed086fb44f3" ],
      "storageTypes" : [ "DISK", "DISK", "DISK" ],
      "offset" : 0,
      "length" : 7088217,
      "corrupt" : false
    }
  } ]
}