{
  "jobName" : "job_1593200024087_0102",
  "paths" : [ "hdfs://nodemaster:9000/tmp/hive/hadoop/99c71a89-43eb-4bc2-8887-6dfa1070617e/hive_2020-06-26_20-56-07_877_2643179841299571404-1/-mr-10007" ],
  "locations" : [ "node11" ],
  "jobDataPaths" : [ {
    "path" : "hdfs://nodemaster:9000/tmp/hive/hadoop/99c71a89-43eb-4bc2-8887-6dfa1070617e/hive_2020-06-26_20-56-07_877_2643179841299571404-1/-mr-10007",
    "filesList" : [ {
      "file" : "HdfsLocatedFileStatus{path=hdfs://nodemaster:9000/tmp/hive/hadoop/99c71a89-43eb-4bc2-8887-6dfa1070617e/hive_2020-06-26_20-56-07_877_2643179841299571404-1/-mr-10007/000000_0; isDirectory=false; length=254; replication=3; blocksize=134217728; modification_time=1593205208826; access_time=1593205208764; owner=hadoop; group=supergroup; permission=rw-r--r--; isSymlink=false; hasAcl=false; isEncrypted=false; isErasureCoded=false}",
      "blockList" : [ {
        "blockId" : 0,
        "replicaList" : [ {
          "replicaId" : 1,
          "location" : "172.18.0.7:9866",
          "storageId" : "DS-c593d964-0c47-46e2-b682-54f96b003b38",
          "storageType" : "DISK",
          "topologyPath" : "/default-rack/172.18.0.7:9866"
        }, {
          "replicaId" : 2,
          "location" : "172.18.0.10:9866",
          "storageId" : "DS-1f933f55-9a84-4557-b978-3df1c52b40cc",
          "storageType" : "DISK",
          "topologyPath" : "/default-rack/172.18.0.10:9866"
        }, {
          "replicaId" : 3,
          "location" : "172.18.0.12:9866",
          "storageId" : "DS-23aa3d92-4b8e-4ed8-9343-d1fbcdb7985a",
          "storageType" : "DISK",
          "topologyPath" : "/default-rack/172.18.0.12:9866"
        } ]
      } ]
    } ]
  } ]
}