{
  "jobName" : "job_1593200024087_0101",
  "paths" : [ "hdfs://nodemaster:9000/tmp/hive/hadoop/99c71a89-43eb-4bc2-8887-6dfa1070617e/hive_2020-06-26_20-56-07_877_2643179841299571404-1/-mr-10006" ],
  "locations" : [ "node4" ],
  "jobDataPaths" : [ {
    "path" : "hdfs://nodemaster:9000/tmp/hive/hadoop/99c71a89-43eb-4bc2-8887-6dfa1070617e/hive_2020-06-26_20-56-07_877_2643179841299571404-1/-mr-10006",
    "filesList" : [ {
      "file" : "HdfsLocatedFileStatus{path=hdfs://nodemaster:9000/tmp/hive/hadoop/99c71a89-43eb-4bc2-8887-6dfa1070617e/hive_2020-06-26_20-56-07_877_2643179841299571404-1/-mr-10006/000000_0; isDirectory=false; length=254; replication=3; blocksize=134217728; modification_time=1593205187491; access_time=1593205187428; owner=hadoop; group=supergroup; permission=rw-r--r--; isSymlink=false; hasAcl=false; isEncrypted=false; isErasureCoded=false}",
      "blockList" : [ {
        "blockId" : 0,
        "replicaList" : [ {
          "replicaId" : 1,
          "location" : "172.18.0.4:9866",
          "storageId" : "DS-bcb35d91-4542-488b-8c6c-3e2175a6a856",
          "storageType" : "DISK",
          "topologyPath" : "/default-rack/172.18.0.4:9866"
        }, {
          "replicaId" : 2,
          "location" : "172.18.0.9:9866",
          "storageId" : "DS-b452a2da-34e5-4561-9426-60afafb5755d",
          "storageType" : "DISK",
          "topologyPath" : "/default-rack/172.18.0.9:9866"
        }, {
          "replicaId" : 3,
          "location" : "172.18.0.5:9866",
          "storageId" : "DS-6091f375-bd25-4bc3-b100-022ed0e69cb1",
          "storageType" : "DISK",
          "topologyPath" : "/default-rack/172.18.0.5:9866"
        } ]
      } ]
    } ]
  } ]
}