{
  "jobName" : "job_1593200024087_0072",
  "paths" : [ "hdfs://nodemaster:9000/tmp/hive/hadoop/354d2bcc-0a92-4105-bd60-f622abf27c52/hive_2020-06-26_20-31-14_179_8879482094658598373-1/-mr-10006" ],
  "locations" : [ "node4" ],
  "jobDataPaths" : [ {
    "path" : "hdfs://nodemaster:9000/tmp/hive/hadoop/354d2bcc-0a92-4105-bd60-f622abf27c52/hive_2020-06-26_20-31-14_179_8879482094658598373-1/-mr-10006",
    "filesList" : [ {
      "file" : "HdfsLocatedFileStatus{path=hdfs://nodemaster:9000/tmp/hive/hadoop/354d2bcc-0a92-4105-bd60-f622abf27c52/hive_2020-06-26_20-31-14_179_8879482094658598373-1/-mr-10006/000000_0; isDirectory=false; length=109024; replication=3; blocksize=134217728; modification_time=1593203639142; access_time=1593203638962; owner=hadoop; group=supergroup; permission=rw-r--r--; isSymlink=false; hasAcl=false; isEncrypted=false; isErasureCoded=false}",
      "blockList" : [ {
        "blockId" : 0,
        "replicaList" : [ {
          "replicaId" : 1,
          "location" : "172.18.0.12:9866",
          "storageId" : "DS-23aa3d92-4b8e-4ed8-9343-d1fbcdb7985a",
          "storageType" : "DISK",
          "topologyPath" : "/default-rack/172.18.0.12:9866"
        }, {
          "replicaId" : 2,
          "location" : "172.18.0.9:9866",
          "storageId" : "DS-b452a2da-34e5-4561-9426-60afafb5755d",
          "storageType" : "DISK",
          "topologyPath" : "/default-rack/172.18.0.9:9866"
        }, {
          "replicaId" : 3,
          "location" : "172.18.0.5:9866",
          "storageId" : "DS-6091f375-bd25-4bc3-b100-022ed0e69cb1",
          "storageType" : "DISK",
          "topologyPath" : "/default-rack/172.18.0.5:9866"
        } ]
      } ]
    } ]
  } ]
}