{
  "jobName" : "job_1593115633826_0030",
  "paths" : [ "hdfs://nodemaster:9000/tmp/hive/hadoop/480be4bc-7c93-4dbf-900d-0e3e959b1c44/hive_2020-06-25_20-26-34_465_3516239969493281514-1/-mr-10006" ],
  "locations" : [ "node4" ],
  "jobDataPaths" : [ {
    "path" : "hdfs://nodemaster:9000/tmp/hive/hadoop/480be4bc-7c93-4dbf-900d-0e3e959b1c44/hive_2020-06-25_20-26-34_465_3516239969493281514-1/-mr-10006",
    "filesList" : [ {
      "file" : "HdfsLocatedFileStatus{path=hdfs://nodemaster:9000/tmp/hive/hadoop/480be4bc-7c93-4dbf-900d-0e3e959b1c44/hive_2020-06-25_20-26-34_465_3516239969493281514-1/-mr-10006/000000_0; isDirectory=false; length=415007; replication=3; blocksize=134217728; modification_time=1593117044111; access_time=1593117043912; owner=hadoop; group=supergroup; permission=rw-r--r--; isSymlink=false; hasAcl=false; isEncrypted=false; isErasureCoded=false}",
      "blockList" : [ {
        "blockId" : 0,
        "replicaList" : [ {
          "replicaId" : 1,
          "location" : "172.18.0.5:9866",
          "storageId" : "DS-549d54c8-ddaa-479a-a1c5-7761e6926c22",
          "storageType" : "DISK",
          "topologyPath" : "/default-rack/172.18.0.5:9866"
        }, {
          "replicaId" : 2,
          "location" : "172.18.0.9:9866",
          "storageId" : "DS-2f67b030-401b-46ab-a992-33e160d7dab0",
          "storageType" : "DISK",
          "topologyPath" : "/default-rack/172.18.0.9:9866"
        }, {
          "replicaId" : 3,
          "location" : "172.18.0.4:9866",
          "storageId" : "DS-9ec31762-7ca3-4ec0-b265-6ff0b16012c4",
          "storageType" : "DISK",
          "topologyPath" : "/default-rack/172.18.0.4:9866"
        } ]
      } ]
    } ]
  } ]
}