{
  "jobName" : "job_1593200024087_0040",
  "paths" : [ "hdfs://nodemaster:9000/tmp/hive/hadoop/d5074dce-8261-4e3b-9f17-567195e58318/hive_2020-06-26_20-09-43_969_5437068816681102950-1/-mr-10006" ],
  "locations" : [ "node4" ],
  "jobDataPaths" : [ {
    "path" : "hdfs://nodemaster:9000/tmp/hive/hadoop/d5074dce-8261-4e3b-9f17-567195e58318/hive_2020-06-26_20-09-43_969_5437068816681102950-1/-mr-10006",
    "filesList" : [ {
      "file" : "HdfsLocatedFileStatus{path=hdfs://nodemaster:9000/tmp/hive/hadoop/d5074dce-8261-4e3b-9f17-567195e58318/hive_2020-06-26_20-09-43_969_5437068816681102950-1/-mr-10006/000000_0; isDirectory=false; length=415007; replication=3; blocksize=134217728; modification_time=1593202433667; access_time=1593202433446; owner=hadoop; group=supergroup; permission=rw-r--r--; isSymlink=false; hasAcl=false; isEncrypted=false; isErasureCoded=false}",
      "blockList" : [ {
        "blockId" : 0,
        "replicaList" : [ {
          "replicaId" : 1,
          "location" : "172.18.0.7:9866",
          "storageId" : "DS-c593d964-0c47-46e2-b682-54f96b003b38",
          "storageType" : "DISK",
          "topologyPath" : "/default-rack/172.18.0.7:9866"
        }, {
          "replicaId" : 2,
          "location" : "172.18.0.5:9866",
          "storageId" : "DS-6091f375-bd25-4bc3-b100-022ed0e69cb1",
          "storageType" : "DISK",
          "topologyPath" : "/default-rack/172.18.0.5:9866"
        }, {
          "replicaId" : 3,
          "location" : "172.18.0.6:9866",
          "storageId" : "DS-e6ea3630-3552-4bcd-823d-aad05e067c54",
          "storageType" : "DISK",
          "topologyPath" : "/default-rack/172.18.0.6:9866"
        } ]
      } ]
    } ]
  } ]
}