{
  "jobName" : "job_1593381723832_0092",
  "paths" : [ "hdfs://nodemaster:9000/tmp/hive/hadoop/4a31e146-cbf2-4bbc-a2ef-f81f5840bc7b/hive_2020-06-28_23-16-15_416_6395283695157815092-1/-mr-10005" ],
  "locations" : [ "node3" ],
  "jobDataPaths" : [ {
    "path" : "hdfs://nodemaster:9000/tmp/hive/hadoop/4a31e146-cbf2-4bbc-a2ef-f81f5840bc7b/hive_2020-06-28_23-16-15_416_6395283695157815092-1/-mr-10005",
    "filesList" : [ {
      "file" : "HdfsLocatedFileStatus{path=hdfs://nodemaster:9000/tmp/hive/hadoop/4a31e146-cbf2-4bbc-a2ef-f81f5840bc7b/hive_2020-06-28_23-16-15_416_6395283695157815092-1/-mr-10005/000000_0; isDirectory=false; length=243; replication=3; blocksize=134217728; modification_time=1593386308030; access_time=1593386307967; owner=hadoop; group=supergroup; permission=rw-r--r--; isSymlink=false; hasAcl=false; isEncrypted=false; isErasureCoded=false}",
      "blockList" : [ {
        "blockId" : 0,
        "replicaList" : [ {
          "replicaId" : 1,
          "location" : "172.18.0.7:9866",
          "storageId" : "DS-b6eba1a6-4edb-45d0-9fa5-f146a0a0ca76",
          "storageType" : "DISK",
          "topologyPath" : "/default-rack/172.18.0.7:9866"
        }, {
          "replicaId" : 2,
          "location" : "172.18.0.8:9866",
          "storageId" : "DS-2b298e07-0e2a-4514-b8ac-6060de687a12",
          "storageType" : "DISK",
          "topologyPath" : "/default-rack/172.18.0.8:9866"
        }, {
          "replicaId" : 3,
          "location" : "172.18.0.4:9866",
          "storageId" : "DS-0a019706-8dbf-41d3-9159-ec8fc5f9a709",
          "storageType" : "DISK",
          "topologyPath" : "/default-rack/172.18.0.4:9866"
        } ]
      } ]
    } ]
  } ]
}