{
  "jobName" : "job_1593200024087_0064",
  "paths" : [ "hdfs://nodemaster:9000/tmp/hive/hadoop/617ae006-7040-40cd-a665-71ef48a8611b/hive_2020-06-26_20-24-19_686_6368570280726700512-1/-mr-10006" ],
  "locations" : [ "node4" ],
  "jobDataPaths" : [ {
    "path" : "hdfs://nodemaster:9000/tmp/hive/hadoop/617ae006-7040-40cd-a665-71ef48a8611b/hive_2020-06-26_20-24-19_686_6368570280726700512-1/-mr-10006",
    "filesList" : [ {
      "file" : "HdfsLocatedFileStatus{path=hdfs://nodemaster:9000/tmp/hive/hadoop/617ae006-7040-40cd-a665-71ef48a8611b/hive_2020-06-26_20-24-19_686_6368570280726700512-1/-mr-10006/000000_0; isDirectory=false; length=109024; replication=3; blocksize=134217728; modification_time=1593203220704; access_time=1593203220512; owner=hadoop; group=supergroup; permission=rw-r--r--; isSymlink=false; hasAcl=false; isEncrypted=false; isErasureCoded=false}",
      "blockList" : [ {
        "blockId" : 0,
        "replicaList" : [ {
          "replicaId" : 1,
          "location" : "172.18.0.12:9866",
          "storageId" : "DS-23aa3d92-4b8e-4ed8-9343-d1fbcdb7985a",
          "storageType" : "DISK",
          "topologyPath" : "/default-rack/172.18.0.12:9866"
        }, {
          "replicaId" : 2,
          "location" : "172.18.0.5:9866",
          "storageId" : "DS-6091f375-bd25-4bc3-b100-022ed0e69cb1",
          "storageType" : "DISK",
          "topologyPath" : "/default-rack/172.18.0.5:9866"
        }, {
          "replicaId" : 3,
          "location" : "172.18.0.3:9866",
          "storageId" : "DS-ce3ee9c6-b271-4604-8eed-6aa6bc320b3d",
          "storageType" : "DISK",
          "topologyPath" : "/default-rack/172.18.0.3:9866"
        } ]
      } ]
    } ]
  } ]
}