{
  "jobName" : "job_1593381723832_0010",
  "paths" : [ "hdfs://nodemaster:9000/tmp/hive/hadoop/6ef79444-8d87-4b56-9c49-f12209739adf/hive_2020-06-28_22-23-31_015_942008165810899019-1/-mr-10004" ],
  "locations" : [ "node4", "node5", "node10", "node2", "node11" ],
  "jobDataPaths" : [ {
    "path" : "hdfs://nodemaster:9000/tmp/hive/hadoop/6ef79444-8d87-4b56-9c49-f12209739adf/hive_2020-06-28_22-23-31_015_942008165810899019-1/-mr-10004",
    "filesList" : [ {
      "file" : "HdfsLocatedFileStatus{path=hdfs://nodemaster:9000/tmp/hive/hadoop/6ef79444-8d87-4b56-9c49-f12209739adf/hive_2020-06-28_22-23-31_015_942008165810899019-1/-mr-10004/000000_0; isDirectory=false; length=96; replication=3; blocksize=134217728; modification_time=1593383084248; access_time=1593383083877; owner=hadoop; group=supergroup; permission=rw-r--r--; isSymlink=false; hasAcl=false; isEncrypted=false; isErasureCoded=false}",
      "blockList" : [ {
        "blockId" : 0,
        "replicaList" : [ {
          "replicaId" : 1,
          "location" : "172.18.0.3:9866",
          "storageId" : "DS-a899440d-b28f-4698-bd32-a15a1b7c88ce",
          "storageType" : "DISK",
          "topologyPath" : "/default-rack/172.18.0.3:9866"
        }, {
          "replicaId" : 2,
          "location" : "172.18.0.9:9866",
          "storageId" : "DS-a4351ae1-b2f3-4472-92cb-7375e39399b7",
          "storageType" : "DISK",
          "topologyPath" : "/default-rack/172.18.0.9:9866"
        }, {
          "replicaId" : 3,
          "location" : "172.18.0.7:9866",
          "storageId" : "DS-b6eba1a6-4edb-45d0-9fa5-f146a0a0ca76",
          "storageType" : "DISK",
          "topologyPath" : "/default-rack/172.18.0.7:9866"
        } ]
      } ]
    }, {
      "file" : "HdfsLocatedFileStatus{path=hdfs://nodemaster:9000/tmp/hive/hadoop/6ef79444-8d87-4b56-9c49-f12209739adf/hive_2020-06-28_22-23-31_015_942008165810899019-1/-mr-10004/000001_0; isDirectory=false; length=160; replication=3; blocksize=134217728; modification_time=1593383084555; access_time=1593383084261; owner=hadoop; group=supergroup; permission=rw-r--r--; isSymlink=false; hasAcl=false; isEncrypted=false; isErasureCoded=false}",
      "blockList" : [ {
        "blockId" : 0,
        "replicaList" : [ {
          "replicaId" : 1,
          "location" : "172.18.0.10:9866",
          "storageId" : "DS-ea63fcef-5705-488a-93d5-dad11ece7d18",
          "storageType" : "DISK",
          "topologyPath" : "/default-rack/172.18.0.10:9866"
        }, {
          "replicaId" : 2,
          "location" : "172.18.0.8:9866",
          "storageId" : "DS-2b298e07-0e2a-4514-b8ac-6060de687a12",
          "storageType" : "DISK",
          "topologyPath" : "/default-rack/172.18.0.8:9866"
        }, {
          "replicaId" : 3,
          "location" : "172.18.0.6:9866",
          "storageId" : "DS-ee5f10d4-279b-4ef2-8207-cbe6790eb0d9",
          "storageType" : "DISK",
          "topologyPath" : "/default-rack/172.18.0.6:9866"
        } ]
      } ]
    }, {
      "file" : "HdfsLocatedFileStatus{path=hdfs://nodemaster:9000/tmp/hive/hadoop/6ef79444-8d87-4b56-9c49-f12209739adf/hive_2020-06-28_22-23-31_015_942008165810899019-1/-mr-10004/000002_0; isDirectory=false; length=96; replication=3; blocksize=134217728; modification_time=1593383083807; access_time=1593383083302; owner=hadoop; group=supergroup; permission=rw-r--r--; isSymlink=false; hasAcl=false; isEncrypted=false; isErasureCoded=false}",
      "blockList" : [ {
        "blockId" : 0,
        "replicaList" : [ {
          "replicaId" : 1,
          "location" : "172.18.0.4:9866",
          "storageId" : "DS-0a019706-8dbf-41d3-9159-ec8fc5f9a709",
          "storageType" : "DISK",
          "topologyPath" : "/default-rack/172.18.0.4:9866"
        }, {
          "replicaId" : 2,
          "location" : "172.18.0.11:9866",
          "storageId" : "DS-54b919db-4755-40e4-ba0f-bd4c0d175494",
          "storageType" : "DISK",
          "topologyPath" : "/default-rack/172.18.0.11:9866"
        }, {
          "replicaId" : 3,
          "location" : "172.18.0.8:9866",
          "storageId" : "DS-2b298e07-0e2a-4514-b8ac-6060de687a12",
          "storageType" : "DISK",
          "topologyPath" : "/default-rack/172.18.0.8:9866"
        } ]
      } ]
    }, {
      "file" : "HdfsLocatedFileStatus{path=hdfs://nodemaster:9000/tmp/hive/hadoop/6ef79444-8d87-4b56-9c49-f12209739adf/hive_2020-06-28_22-23-31_015_942008165810899019-1/-mr-10004/000003_0; isDirectory=false; length=96; replication=3; blocksize=134217728; modification_time=1593383081390; access_time=1593383080917; owner=hadoop; group=supergroup; permission=rw-r--r--; isSymlink=false; hasAcl=false; isEncrypted=false; isErasureCoded=false}",
      "blockList" : [ {
        "blockId" : 0,
        "replicaList" : [ {
          "replicaId" : 1,
          "location" : "172.18.0.8:9866",
          "storageId" : "DS-2b298e07-0e2a-4514-b8ac-6060de687a12",
          "storageType" : "DISK",
          "topologyPath" : "/default-rack/172.18.0.8:9866"
        }, {
          "replicaId" : 2,
          "location" : "172.18.0.6:9866",
          "storageId" : "DS-ee5f10d4-279b-4ef2-8207-cbe6790eb0d9",
          "storageType" : "DISK",
          "topologyPath" : "/default-rack/172.18.0.6:9866"
        }, {
          "replicaId" : 3,
          "location" : "172.18.0.7:9866",
          "storageId" : "DS-b6eba1a6-4edb-45d0-9fa5-f146a0a0ca76",
          "storageType" : "DISK",
          "topologyPath" : "/default-rack/172.18.0.7:9866"
        } ]
      } ]
    }, {
      "file" : "HdfsLocatedFileStatus{path=hdfs://nodemaster:9000/tmp/hive/hadoop/6ef79444-8d87-4b56-9c49-f12209739adf/hive_2020-06-28_22-23-31_015_942008165810899019-1/-mr-10004/000004_0; isDirectory=false; length=157; replication=3; blocksize=134217728; modification_time=1593383085298; access_time=1593383085137; owner=hadoop; group=supergroup; permission=rw-r--r--; isSymlink=false; hasAcl=false; isEncrypted=false; isErasureCoded=false}",
      "blockList" : [ {
        "blockId" : 0,
        "replicaList" : [ {
          "replicaId" : 1,
          "location" : "172.18.0.9:9866",
          "storageId" : "DS-a4351ae1-b2f3-4472-92cb-7375e39399b7",
          "storageType" : "DISK",
          "topologyPath" : "/default-rack/172.18.0.9:9866"
        }, {
          "replicaId" : 2,
          "location" : "172.18.0.12:9866",
          "storageId" : "DS-ff5d08e5-4f1c-44ee-ac01-eed086fb44f3",
          "storageType" : "DISK",
          "topologyPath" : "/default-rack/172.18.0.12:9866"
        }, {
          "replicaId" : 3,
          "location" : "172.18.0.6:9866",
          "storageId" : "DS-ee5f10d4-279b-4ef2-8207-cbe6790eb0d9",
          "storageType" : "DISK",
          "topologyPath" : "/default-rack/172.18.0.6:9866"
        } ]
      } ]
    }, {
      "file" : "HdfsLocatedFileStatus{path=hdfs://nodemaster:9000/tmp/hive/hadoop/6ef79444-8d87-4b56-9c49-f12209739adf/hive_2020-06-28_22-23-31_015_942008165810899019-1/-mr-10004/000005_0; isDirectory=false; length=157; replication=3; blocksize=134217728; modification_time=1593383084581; access_time=1593383084299; owner=hadoop; group=supergroup; permission=rw-r--r--; isSymlink=false; hasAcl=false; isEncrypted=false; isErasureCoded=false}",
      "blockList" : [ {
        "blockId" : 0,
        "replicaList" : [ {
          "replicaId" : 1,
          "location" : "172.18.0.6:9866",
          "storageId" : "DS-ee5f10d4-279b-4ef2-8207-cbe6790eb0d9",
          "storageType" : "DISK",
          "topologyPath" : "/default-rack/172.18.0.6:9866"
        }, {
          "replicaId" : 2,
          "location" : "172.18.0.7:9866",
          "storageId" : "DS-b6eba1a6-4edb-45d0-9fa5-f146a0a0ca76",
          "storageType" : "DISK",
          "topologyPath" : "/default-rack/172.18.0.7:9866"
        }, {
          "replicaId" : 3,
          "location" : "172.18.0.12:9866",
          "storageId" : "DS-ff5d08e5-4f1c-44ee-ac01-eed086fb44f3",
          "storageType" : "DISK",
          "topologyPath" : "/default-rack/172.18.0.12:9866"
        } ]
      } ]
    }, {
      "file" : "HdfsLocatedFileStatus{path=hdfs://nodemaster:9000/tmp/hive/hadoop/6ef79444-8d87-4b56-9c49-f12209739adf/hive_2020-06-28_22-23-31_015_942008165810899019-1/-mr-10004/000006_0; isDirectory=false; length=96; replication=3; blocksize=134217728; modification_time=1593383083096; access_time=1593383082897; owner=hadoop; group=supergroup; permission=rw-r--r--; isSymlink=false; hasAcl=false; isEncrypted=false; isErasureCoded=false}",
      "blockList" : [ {
        "blockId" : 0,
        "replicaList" : [ {
          "replicaId" : 1,
          "location" : "172.18.0.11:9866",
          "storageId" : "DS-54b919db-4755-40e4-ba0f-bd4c0d175494",
          "storageType" : "DISK",
          "topologyPath" : "/default-rack/172.18.0.11:9866"
        }, {
          "replicaId" : 2,
          "location" : "172.18.0.9:9866",
          "storageId" : "DS-a4351ae1-b2f3-4472-92cb-7375e39399b7",
          "storageType" : "DISK",
          "topologyPath" : "/default-rack/172.18.0.9:9866"
        }, {
          "replicaId" : 3,
          "location" : "172.18.0.4:9866",
          "storageId" : "DS-0a019706-8dbf-41d3-9159-ec8fc5f9a709",
          "storageType" : "DISK",
          "topologyPath" : "/default-rack/172.18.0.4:9866"
        } ]
      } ]
    }, {
      "file" : "HdfsLocatedFileStatus{path=hdfs://nodemaster:9000/tmp/hive/hadoop/6ef79444-8d87-4b56-9c49-f12209739adf/hive_2020-06-28_22-23-31_015_942008165810899019-1/-mr-10004/000007_0; isDirectory=false; length=96; replication=3; blocksize=134217728; modification_time=1593383084184; access_time=1593383084004; owner=hadoop; group=supergroup; permission=rw-r--r--; isSymlink=false; hasAcl=false; isEncrypted=false; isErasureCoded=false}",
      "blockList" : [ {
        "blockId" : 0,
        "replicaList" : [ {
          "replicaId" : 1,
          "location" : "172.18.0.12:9866",
          "storageId" : "DS-ff5d08e5-4f1c-44ee-ac01-eed086fb44f3",
          "storageType" : "DISK",
          "topologyPath" : "/default-rack/172.18.0.12:9866"
        }, {
          "replicaId" : 2,
          "location" : "172.18.0.8:9866",
          "storageId" : "DS-2b298e07-0e2a-4514-b8ac-6060de687a12",
          "storageType" : "DISK",
          "topologyPath" : "/default-rack/172.18.0.8:9866"
        }, {
          "replicaId" : 3,
          "location" : "172.18.0.9:9866",
          "storageId" : "DS-a4351ae1-b2f3-4472-92cb-7375e39399b7",
          "storageType" : "DISK",
          "topologyPath" : "/default-rack/172.18.0.9:9866"
        } ]
      } ]
    }, {
      "file" : "HdfsLocatedFileStatus{path=hdfs://nodemaster:9000/tmp/hive/hadoop/6ef79444-8d87-4b56-9c49-f12209739adf/hive_2020-06-28_22-23-31_015_942008165810899019-1/-mr-10004/000008_0; isDirectory=false; length=162; replication=3; blocksize=134217728; modification_time=1593383089432; access_time=1593383089202; owner=hadoop; group=supergroup; permission=rw-r--r--; isSymlink=false; hasAcl=false; isEncrypted=false; isErasureCoded=false}",
      "blockList" : [ {
        "blockId" : 0,
        "replicaList" : [ {
          "replicaId" : 1,
          "location" : "172.18.0.8:9866",
          "storageId" : "DS-2b298e07-0e2a-4514-b8ac-6060de687a12",
          "storageType" : "DISK",
          "topologyPath" : "/default-rack/172.18.0.8:9866"
        }, {
          "replicaId" : 2,
          "location" : "172.18.0.12:9866",
          "storageId" : "DS-ff5d08e5-4f1c-44ee-ac01-eed086fb44f3",
          "storageType" : "DISK",
          "topologyPath" : "/default-rack/172.18.0.12:9866"
        }, {
          "replicaId" : 3,
          "location" : "172.18.0.5:9866",
          "storageId" : "DS-568b90ef-d59e-4989-ad17-9089347b1d55",
          "storageType" : "DISK",
          "topologyPath" : "/default-rack/172.18.0.5:9866"
        } ]
      } ]
    }, {
      "file" : "HdfsLocatedFileStatus{path=hdfs://nodemaster:9000/tmp/hive/hadoop/6ef79444-8d87-4b56-9c49-f12209739adf/hive_2020-06-28_22-23-31_015_942008165810899019-1/-mr-10004/000009_0; isDirectory=false; length=96; replication=3; blocksize=134217728; modification_time=1593383088123; access_time=1593383087776; owner=hadoop; group=supergroup; permission=rw-r--r--; isSymlink=false; hasAcl=false; isEncrypted=false; isErasureCoded=false}",
      "blockList" : [ {
        "blockId" : 0,
        "replicaList" : [ {
          "replicaId" : 1,
          "location" : "172.18.0.5:9866",
          "storageId" : "DS-568b90ef-d59e-4989-ad17-9089347b1d55",
          "storageType" : "DISK",
          "topologyPath" : "/default-rack/172.18.0.5:9866"
        }, {
          "replicaId" : 2,
          "location" : "172.18.0.3:9866",
          "storageId" : "DS-a899440d-b28f-4698-bd32-a15a1b7c88ce",
          "storageType" : "DISK",
          "topologyPath" : "/default-rack/172.18.0.3:9866"
        }, {
          "replicaId" : 3,
          "location" : "172.18.0.10:9866",
          "storageId" : "DS-ea63fcef-5705-488a-93d5-dad11ece7d18",
          "storageType" : "DISK",
          "topologyPath" : "/default-rack/172.18.0.10:9866"
        } ]
      } ]
    }, {
      "file" : "HdfsLocatedFileStatus{path=hdfs://nodemaster:9000/tmp/hive/hadoop/6ef79444-8d87-4b56-9c49-f12209739adf/hive_2020-06-28_22-23-31_015_942008165810899019-1/-mr-10004/000010_0; isDirectory=false; length=96; replication=3; blocksize=134217728; modification_time=1593383089151; access_time=1593383088959; owner=hadoop; group=supergroup; permission=rw-r--r--; isSymlink=false; hasAcl=false; isEncrypted=false; isErasureCoded=false}",
      "blockList" : [ {
        "blockId" : 0,
        "replicaList" : [ {
          "replicaId" : 1,
          "location" : "172.18.0.4:9866",
          "storageId" : "DS-0a019706-8dbf-41d3-9159-ec8fc5f9a709",
          "storageType" : "DISK",
          "topologyPath" : "/default-rack/172.18.0.4:9866"
        }, {
          "replicaId" : 2,
          "location" : "172.18.0.7:9866",
          "storageId" : "DS-b6eba1a6-4edb-45d0-9fa5-f146a0a0ca76",
          "storageType" : "DISK",
          "topologyPath" : "/default-rack/172.18.0.7:9866"
        }, {
          "replicaId" : 3,
          "location" : "172.18.0.12:9866",
          "storageId" : "DS-ff5d08e5-4f1c-44ee-ac01-eed086fb44f3",
          "storageType" : "DISK",
          "topologyPath" : "/default-rack/172.18.0.12:9866"
        } ]
      } ]
    }, {
      "file" : "HdfsLocatedFileStatus{path=hdfs://nodemaster:9000/tmp/hive/hadoop/6ef79444-8d87-4b56-9c49-f12209739adf/hive_2020-06-28_22-23-31_015_942008165810899019-1/-mr-10004/000011_0; isDirectory=false; length=96; replication=3; blocksize=134217728; modification_time=1593383089916; access_time=1593383089842; owner=hadoop; group=supergroup; permission=rw-r--r--; isSymlink=false; hasAcl=false; isEncrypted=false; isErasureCoded=false}",
      "blockList" : [ {
        "blockId" : 0,
        "replicaList" : [ {
          "replicaId" : 1,
          "location" : "172.18.0.7:9866",
          "storageId" : "DS-b6eba1a6-4edb-45d0-9fa5-f146a0a0ca76",
          "storageType" : "DISK",
          "topologyPath" : "/default-rack/172.18.0.7:9866"
        }, {
          "replicaId" : 2,
          "location" : "172.18.0.10:9866",
          "storageId" : "DS-ea63fcef-5705-488a-93d5-dad11ece7d18",
          "storageType" : "DISK",
          "topologyPath" : "/default-rack/172.18.0.10:9866"
        }, {
          "replicaId" : 3,
          "location" : "172.18.0.5:9866",
          "storageId" : "DS-568b90ef-d59e-4989-ad17-9089347b1d55",
          "storageType" : "DISK",
          "topologyPath" : "/default-rack/172.18.0.5:9866"
        } ]
      } ]
    }, {
      "file" : "HdfsLocatedFileStatus{path=hdfs://nodemaster:9000/tmp/hive/hadoop/6ef79444-8d87-4b56-9c49-f12209739adf/hive_2020-06-28_22-23-31_015_942008165810899019-1/-mr-10004/000012_0; isDirectory=false; length=96; replication=3; blocksize=134217728; modification_time=1593383088715; access_time=1593383088510; owner=hadoop; group=supergroup; permission=rw-r--r--; isSymlink=false; hasAcl=false; isEncrypted=false; isErasureCoded=false}",
      "blockList" : [ {
        "blockId" : 0,
        "replicaList" : [ {
          "replicaId" : 1,
          "location" : "172.18.0.7:9866",
          "storageId" : "DS-b6eba1a6-4edb-45d0-9fa5-f146a0a0ca76",
          "storageType" : "DISK",
          "topologyPath" : "/default-rack/172.18.0.7:9866"
        }, {
          "replicaId" : 2,
          "location" : "172.18.0.11:9866",
          "storageId" : "DS-54b919db-4755-40e4-ba0f-bd4c0d175494",
          "storageType" : "DISK",
          "topologyPath" : "/default-rack/172.18.0.11:9866"
        }, {
          "replicaId" : 3,
          "location" : "172.18.0.3:9866",
          "storageId" : "DS-a899440d-b28f-4698-bd32-a15a1b7c88ce",
          "storageType" : "DISK",
          "topologyPath" : "/default-rack/172.18.0.3:9866"
        } ]
      } ]
    }, {
      "file" : "HdfsLocatedFileStatus{path=hdfs://nodemaster:9000/tmp/hive/hadoop/6ef79444-8d87-4b56-9c49-f12209739adf/hive_2020-06-28_22-23-31_015_942008165810899019-1/-mr-10004/000013_0; isDirectory=false; length=96; replication=3; blocksize=134217728; modification_time=1593383089673; access_time=1593383089608; owner=hadoop; group=supergroup; permission=rw-r--r--; isSymlink=false; hasAcl=false; isEncrypted=false; isErasureCoded=false}",
      "blockList" : [ {
        "blockId" : 0,
        "replicaList" : [ {
          "replicaId" : 1,
          "location" : "172.18.0.3:9866",
          "storageId" : "DS-a899440d-b28f-4698-bd32-a15a1b7c88ce",
          "storageType" : "DISK",
          "topologyPath" : "/default-rack/172.18.0.3:9866"
        }, {
          "replicaId" : 2,
          "location" : "172.18.0.11:9866",
          "storageId" : "DS-54b919db-4755-40e4-ba0f-bd4c0d175494",
          "storageType" : "DISK",
          "topologyPath" : "/default-rack/172.18.0.11:9866"
        }, {
          "replicaId" : 3,
          "location" : "172.18.0.10:9866",
          "storageId" : "DS-ea63fcef-5705-488a-93d5-dad11ece7d18",
          "storageType" : "DISK",
          "topologyPath" : "/default-rack/172.18.0.10:9866"
        } ]
      } ]
    }, {
      "file" : "HdfsLocatedFileStatus{path=hdfs://nodemaster:9000/tmp/hive/hadoop/6ef79444-8d87-4b56-9c49-f12209739adf/hive_2020-06-28_22-23-31_015_942008165810899019-1/-mr-10004/000014_0; isDirectory=false; length=96; replication=3; blocksize=134217728; modification_time=1593383089918; access_time=1593383089843; owner=hadoop; group=supergroup; permission=rw-r--r--; isSymlink=false; hasAcl=false; isEncrypted=false; isErasureCoded=false}",
      "blockList" : [ {
        "blockId" : 0,
        "replicaList" : [ {
          "replicaId" : 1,
          "location" : "172.18.0.9:9866",
          "storageId" : "DS-a4351ae1-b2f3-4472-92cb-7375e39399b7",
          "storageType" : "DISK",
          "topologyPath" : "/default-rack/172.18.0.9:9866"
        }, {
          "replicaId" : 2,
          "location" : "172.18.0.7:9866",
          "storageId" : "DS-b6eba1a6-4edb-45d0-9fa5-f146a0a0ca76",
          "storageType" : "DISK",
          "topologyPath" : "/default-rack/172.18.0.7:9866"
        }, {
          "replicaId" : 3,
          "location" : "172.18.0.3:9866",
          "storageId" : "DS-a899440d-b28f-4698-bd32-a15a1b7c88ce",
          "storageType" : "DISK",
          "topologyPath" : "/default-rack/172.18.0.3:9866"
        } ]
      } ]
    }, {
      "file" : "HdfsLocatedFileStatus{path=hdfs://nodemaster:9000/tmp/hive/hadoop/6ef79444-8d87-4b56-9c49-f12209739adf/hive_2020-06-28_22-23-31_015_942008165810899019-1/-mr-10004/000015_0; isDirectory=false; length=96; replication=3; blocksize=134217728; modification_time=1593383090169; access_time=1593383090105; owner=hadoop; group=supergroup; permission=rw-r--r--; isSymlink=false; hasAcl=false; isEncrypted=false; isErasureCoded=false}",
      "blockList" : [ {
        "blockId" : 0,
        "replicaList" : [ {
          "replicaId" : 1,
          "location" : "172.18.0.10:9866",
          "storageId" : "DS-ea63fcef-5705-488a-93d5-dad11ece7d18",
          "storageType" : "DISK",
          "topologyPath" : "/default-rack/172.18.0.10:9866"
        }, {
          "replicaId" : 2,
          "location" : "172.18.0.7:9866",
          "storageId" : "DS-b6eba1a6-4edb-45d0-9fa5-f146a0a0ca76",
          "storageType" : "DISK",
          "topologyPath" : "/default-rack/172.18.0.7:9866"
        }, {
          "replicaId" : 3,
          "location" : "172.18.0.5:9866",
          "storageId" : "DS-568b90ef-d59e-4989-ad17-9089347b1d55",
          "storageType" : "DISK",
          "topologyPath" : "/default-rack/172.18.0.5:9866"
        } ]
      } ]
    } ]
  } ]
}