{
  "ipAddr" : "172.18.0.8",
  "ipAddrBytes" : {
    "validUtf8" : true,
    "empty" : false
  },
  "hostName" : "node7",
  "hostNameBytes" : {
    "validUtf8" : true,
    "empty" : false
  },
  "peerHostName" : null,
  "xferPort" : 9866,
  "infoPort" : 9864,
  "infoSecurePort" : 0,
  "ipcPort" : 9867,
  "xferAddr" : "172.18.0.8:9866",
  "datanodeUuid" : "01f9a569-362c-4d83-a86a-35984c0122ec",
  "datanodeUuidBytes" : {
    "validUtf8" : true,
    "empty" : false
  },
  "capacity" : 73445531648,
  "dfsUsed" : 2720308168,
  "nonDfsUsed" : 46867313720,
  "remaining" : 20083036160,
  "blockPoolUsed" : 2720308168,
  "cacheCapacity" : 0,
  "cacheUsed" : 0,
  "lastUpdate" : 1593200946119,
  "lastUpdateMonotonic" : 1070926,
  "xceiverCount" : 1,
  "softwareVersion" : null,
  "dependentHostNames" : [ ],
  "upgradeDomain" : null,
  "numBlocks" : 0,
  "adminState" : "NORMAL",
  "maintenanceExpireTimeInMS" : 0,
  "lastBlockReportTime" : 1593200016231,
  "lastBlockReportMonotonic" : 141038,
  "level" : 0,
  "networkLocation" : "/default-rack",
  "dfsUsedPercent" : 3.7038445,
  "blockPoolUsedPercent" : 3.7038445,
  "remainingPercent" : 27.344124,
  "cacheUsedPercent" : 100.0,
  "cacheRemaining" : 0,
  "cacheRemainingPercent" : 0.0,
  "datanodeReport" : "Name: 172.18.0.8:9866 (node7.sparknet)\nHostname: node7\nDecommission Status : Normal\nConfigured Capacity: 73445531648 (68.40 GB)\nDFS Used: 2720308168 (2.53 GB)\nNon DFS Used: 46867313720 (43.65 GB)\nDFS Remaining: 20083036160 (18.70 GB)\nDFS Used%: 3.70%\nDFS Remaining%: 27.34%\nConfigured Cache Capacity: 0 (0 B)\nCache Used: 0 (0 B)\nCache Remaining: 0 (0 B)\nCache Used%: 100.00%\nCache Remaining%: 0.00%\nXceivers: 1\nLast contact: Fri Jun 26 19:49:06 UTC 2020\nLast Block Report: Fri Jun 26 19:33:36 UTC 2020\nNum of Blocks: 0\n",
  "decommissionInProgress" : false,
  "decommissioned" : false,
  "enteringMaintenance" : false,
  "inMaintenance" : false,
  "maintenance" : false,
  "inService" : true,
  "name" : "172.18.0.8:9866",
  "parent" : null,
  "infoAddr" : "172.18.0.8:9864",
  "infoSecureAddr" : "172.18.0.8:0",
  "xferAddrWithHostname" : "node7:9866",
  "resolvedAddress" : {
    "hostString" : "172.18.0.8",
    "address" : "172.18.0.8",
    "port" : 9866,
    "unresolved" : false,
    "hostName" : "node7.sparknet"
  }
}