{
  "ipAddr" : "172.18.0.5",
  "ipAddrBytes" : {
    "validUtf8" : true,
    "empty" : false
  },
  "hostName" : "node4",
  "hostNameBytes" : {
    "validUtf8" : true,
    "empty" : false
  },
  "peerHostName" : null,
  "xferPort" : 9866,
  "infoPort" : 9864,
  "infoSecurePort" : 0,
  "ipcPort" : 9867,
  "xferAddr" : "172.18.0.5:9866",
  "datanodeUuid" : "2151ba06-4b17-4a4d-8d95-e13024f49dea",
  "datanodeUuidBytes" : {
    "validUtf8" : true,
    "empty" : false
  },
  "capacity" : 73445531648,
  "dfsUsed" : 1782419856,
  "nonDfsUsed" : 47805214320,
  "remaining" : 20083023872,
  "blockPoolUsed" : 1782419856,
  "cacheCapacity" : 0,
  "cacheUsed" : 0,
  "lastUpdate" : 1593200946145,
  "lastUpdateMonotonic" : 1070952,
  "xceiverCount" : 1,
  "softwareVersion" : null,
  "dependentHostNames" : [ ],
  "upgradeDomain" : null,
  "numBlocks" : 0,
  "adminState" : "NORMAL",
  "maintenanceExpireTimeInMS" : 0,
  "lastBlockReportTime" : 1593200016282,
  "lastBlockReportMonotonic" : 141089,
  "level" : 0,
  "networkLocation" : "/default-rack",
  "dfsUsedPercent" : 2.4268594,
  "blockPoolUsedPercent" : 2.4268594,
  "remainingPercent" : 27.344105,
  "cacheUsedPercent" : 100.0,
  "cacheRemaining" : 0,
  "cacheRemainingPercent" : 0.0,
  "datanodeReport" : "Name: 172.18.0.5:9866 (node4.sparknet)\nHostname: node4\nDecommission Status : Normal\nConfigured Capacity: 73445531648 (68.40 GB)\nDFS Used: 1782419856 (1.66 GB)\nNon DFS Used: 47805214320 (44.52 GB)\nDFS Remaining: 20083023872 (18.70 GB)\nDFS Used%: 2.43%\nDFS Remaining%: 27.34%\nConfigured Cache Capacity: 0 (0 B)\nCache Used: 0 (0 B)\nCache Remaining: 0 (0 B)\nCache Used%: 100.00%\nCache Remaining%: 0.00%\nXceivers: 1\nLast contact: Fri Jun 26 19:49:06 UTC 2020\nLast Block Report: Fri Jun 26 19:33:36 UTC 2020\nNum of Blocks: 0\n",
  "decommissionInProgress" : false,
  "decommissioned" : false,
  "enteringMaintenance" : false,
  "inMaintenance" : false,
  "maintenance" : false,
  "inService" : true,
  "name" : "172.18.0.5:9866",
  "parent" : null,
  "infoAddr" : "172.18.0.5:9864",
  "infoSecureAddr" : "172.18.0.5:0",
  "xferAddrWithHostname" : "node4:9866",
  "resolvedAddress" : {
    "hostString" : "172.18.0.5",
    "address" : "172.18.0.5",
    "port" : 9866,
    "unresolved" : false,
    "hostName" : "node4.sparknet"
  }
}