{
  "ipAddr" : "172.18.0.3",
  "ipAddrBytes" : {
    "validUtf8" : true,
    "empty" : false
  },
  "hostName" : "node2",
  "hostNameBytes" : {
    "validUtf8" : true,
    "empty" : false
  },
  "peerHostName" : null,
  "xferPort" : 9866,
  "infoPort" : 9864,
  "infoSecurePort" : 0,
  "ipcPort" : 9867,
  "xferAddr" : "172.18.0.3:9866",
  "datanodeUuid" : "8fc8ec64-b76c-4bce-97fe-e92d6334f8ca",
  "datanodeUuidBytes" : {
    "validUtf8" : true,
    "empty" : false
  },
  "capacity" : 73445531648,
  "dfsUsed" : 1547353018,
  "nonDfsUsed" : 48040268870,
  "remaining" : 20083036160,
  "blockPoolUsed" : 1547353018,
  "cacheCapacity" : 0,
  "cacheUsed" : 0,
  "lastUpdate" : 1593200946061,
  "lastUpdateMonotonic" : 1070868,
  "xceiverCount" : 1,
  "softwareVersion" : null,
  "dependentHostNames" : [ ],
  "upgradeDomain" : null,
  "numBlocks" : 0,
  "adminState" : "NORMAL",
  "maintenanceExpireTimeInMS" : 0,
  "lastBlockReportTime" : 1593200016119,
  "lastBlockReportMonotonic" : 140926,
  "level" : 0,
  "networkLocation" : "/default-rack",
  "dfsUsedPercent" : 2.1068034,
  "blockPoolUsedPercent" : 2.1068034,
  "remainingPercent" : 27.344124,
  "cacheUsedPercent" : 100.0,
  "cacheRemaining" : 0,
  "cacheRemainingPercent" : 0.0,
  "datanodeReport" : "Name: 172.18.0.3:9866 (node2.sparknet)\nHostname: node2\nDecommission Status : Normal\nConfigured Capacity: 73445531648 (68.40 GB)\nDFS Used: 1547353018 (1.44 GB)\nNon DFS Used: 48040268870 (44.74 GB)\nDFS Remaining: 20083036160 (18.70 GB)\nDFS Used%: 2.11%\nDFS Remaining%: 27.34%\nConfigured Cache Capacity: 0 (0 B)\nCache Used: 0 (0 B)\nCache Remaining: 0 (0 B)\nCache Used%: 100.00%\nCache Remaining%: 0.00%\nXceivers: 1\nLast contact: Fri Jun 26 19:49:06 UTC 2020\nLast Block Report: Fri Jun 26 19:33:36 UTC 2020\nNum of Blocks: 0\n",
  "decommissionInProgress" : false,
  "decommissioned" : false,
  "enteringMaintenance" : false,
  "inMaintenance" : false,
  "maintenance" : false,
  "inService" : true,
  "name" : "172.18.0.3:9866",
  "parent" : null,
  "infoAddr" : "172.18.0.3:9864",
  "infoSecureAddr" : "172.18.0.3:0",
  "xferAddrWithHostname" : "node2:9866",
  "resolvedAddress" : {
    "hostString" : "172.18.0.3",
    "address" : "172.18.0.3",
    "port" : 9866,
    "unresolved" : false,
    "hostName" : "node2.sparknet"
  }
}