{
  "ipAddr" : "172.18.0.9",
  "ipAddrBytes" : {
    "validUtf8" : true,
    "empty" : false
  },
  "hostName" : "node8",
  "hostNameBytes" : {
    "validUtf8" : true,
    "empty" : false
  },
  "peerHostName" : null,
  "xferPort" : 9866,
  "infoPort" : 9864,
  "infoSecurePort" : 0,
  "ipcPort" : 9867,
  "xferAddr" : "172.18.0.9:9866",
  "datanodeUuid" : "fe468ee7-dfa2-481e-945f-48293939ce22",
  "datanodeUuidBytes" : {
    "validUtf8" : true,
    "empty" : false
  },
  "capacity" : 73445531648,
  "dfsUsed" : 1780507802,
  "nonDfsUsed" : 47807138662,
  "remaining" : 20083011584,
  "blockPoolUsed" : 1780507802,
  "cacheCapacity" : 0,
  "cacheUsed" : 0,
  "lastUpdate" : 1593200946250,
  "lastUpdateMonotonic" : 1071057,
  "xceiverCount" : 1,
  "softwareVersion" : null,
  "dependentHostNames" : [ ],
  "upgradeDomain" : null,
  "numBlocks" : 0,
  "adminState" : "NORMAL",
  "maintenanceExpireTimeInMS" : 0,
  "lastBlockReportTime" : 1593200016379,
  "lastBlockReportMonotonic" : 141186,
  "level" : 0,
  "networkLocation" : "/default-rack",
  "dfsUsedPercent" : 2.424256,
  "blockPoolUsedPercent" : 2.424256,
  "remainingPercent" : 27.34409,
  "cacheUsedPercent" : 100.0,
  "cacheRemaining" : 0,
  "cacheRemainingPercent" : 0.0,
  "datanodeReport" : "Name: 172.18.0.9:9866 (node8.sparknet)\nHostname: node8\nDecommission Status : Normal\nConfigured Capacity: 73445531648 (68.40 GB)\nDFS Used: 1780507802 (1.66 GB)\nNon DFS Used: 47807138662 (44.52 GB)\nDFS Remaining: 20083011584 (18.70 GB)\nDFS Used%: 2.42%\nDFS Remaining%: 27.34%\nConfigured Cache Capacity: 0 (0 B)\nCache Used: 0 (0 B)\nCache Remaining: 0 (0 B)\nCache Used%: 100.00%\nCache Remaining%: 0.00%\nXceivers: 1\nLast contact: Fri Jun 26 19:49:06 UTC 2020\nLast Block Report: Fri Jun 26 19:33:36 UTC 2020\nNum of Blocks: 0\n",
  "decommissionInProgress" : false,
  "decommissioned" : false,
  "enteringMaintenance" : false,
  "inMaintenance" : false,
  "maintenance" : false,
  "inService" : true,
  "name" : "172.18.0.9:9866",
  "parent" : null,
  "infoAddr" : "172.18.0.9:9864",
  "infoSecureAddr" : "172.18.0.9:0",
  "xferAddrWithHostname" : "node8:9866",
  "resolvedAddress" : {
    "hostString" : "172.18.0.9",
    "address" : "172.18.0.9",
    "port" : 9866,
    "unresolved" : false,
    "hostName" : "node8.sparknet"
  }
}