{
  "ipAddr" : "172.18.0.7",
  "ipAddrBytes" : {
    "validUtf8" : true,
    "empty" : false
  },
  "hostName" : "node6",
  "hostNameBytes" : {
    "validUtf8" : true,
    "empty" : false
  },
  "peerHostName" : null,
  "xferPort" : 9866,
  "infoPort" : 9864,
  "infoSecurePort" : 0,
  "ipcPort" : 9867,
  "xferAddr" : "172.18.0.7:9866",
  "datanodeUuid" : "daba6c05-cc8f-42b7-84ef-12c3f71ed40b",
  "datanodeUuidBytes" : {
    "validUtf8" : true,
    "empty" : false
  },
  "capacity" : 73445531648,
  "dfsUsed" : 683556766,
  "nonDfsUsed" : 48904056930,
  "remaining" : 20083044352,
  "blockPoolUsed" : 683556766,
  "cacheCapacity" : 0,
  "cacheUsed" : 0,
  "lastUpdate" : 1593200945982,
  "lastUpdateMonotonic" : 1070789,
  "xceiverCount" : 1,
  "softwareVersion" : null,
  "dependentHostNames" : [ ],
  "upgradeDomain" : null,
  "numBlocks" : 0,
  "adminState" : "NORMAL",
  "maintenanceExpireTimeInMS" : 0,
  "lastBlockReportTime" : 1593200016095,
  "lastBlockReportMonotonic" : 140902,
  "level" : 0,
  "networkLocation" : "/default-rack",
  "dfsUsedPercent" : 0.9306989,
  "blockPoolUsedPercent" : 0.9306989,
  "remainingPercent" : 27.344133,
  "cacheUsedPercent" : 100.0,
  "cacheRemaining" : 0,
  "cacheRemainingPercent" : 0.0,
  "datanodeReport" : "Name: 172.18.0.7:9866 (node6.sparknet)\nHostname: node6\nDecommission Status : Normal\nConfigured Capacity: 73445531648 (68.40 GB)\nDFS Used: 683556766 (651.89 MB)\nNon DFS Used: 48904056930 (45.55 GB)\nDFS Remaining: 20083044352 (18.70 GB)\nDFS Used%: 0.93%\nDFS Remaining%: 27.34%\nConfigured Cache Capacity: 0 (0 B)\nCache Used: 0 (0 B)\nCache Remaining: 0 (0 B)\nCache Used%: 100.00%\nCache Remaining%: 0.00%\nXceivers: 1\nLast contact: Fri Jun 26 19:49:05 UTC 2020\nLast Block Report: Fri Jun 26 19:33:36 UTC 2020\nNum of Blocks: 0\n",
  "decommissionInProgress" : false,
  "decommissioned" : false,
  "enteringMaintenance" : false,
  "inMaintenance" : false,
  "maintenance" : false,
  "inService" : true,
  "name" : "172.18.0.7:9866",
  "parent" : null,
  "infoAddr" : "172.18.0.7:9864",
  "infoSecureAddr" : "172.18.0.7:0",
  "xferAddrWithHostname" : "node6:9866",
  "resolvedAddress" : {
    "hostString" : "172.18.0.7",
    "address" : "172.18.0.7",
    "port" : 9866,
    "unresolved" : false,
    "hostName" : "node6.sparknet"
  }
}