{
  "ipAddr" : "172.18.0.4",
  "ipAddrBytes" : {
    "validUtf8" : true,
    "empty" : false
  },
  "hostName" : "node3",
  "hostNameBytes" : {
    "validUtf8" : true,
    "empty" : false
  },
  "peerHostName" : null,
  "xferPort" : 9866,
  "infoPort" : 9864,
  "infoSecurePort" : 0,
  "ipcPort" : 9867,
  "xferAddr" : "172.18.0.4:9866",
  "datanodeUuid" : "5de7de1d-ebc5-4501-a640-e93298837803",
  "datanodeUuidBytes" : {
    "validUtf8" : true,
    "empty" : false
  },
  "capacity" : 73445531648,
  "dfsUsed" : 2215646439,
  "nonDfsUsed" : 47371963161,
  "remaining" : 20083048448,
  "blockPoolUsed" : 2215646439,
  "cacheCapacity" : 0,
  "cacheUsed" : 0,
  "lastUpdate" : 1593200945874,
  "lastUpdateMonotonic" : 1070681,
  "xceiverCount" : 1,
  "softwareVersion" : null,
  "dependentHostNames" : [ ],
  "upgradeDomain" : null,
  "numBlocks" : 0,
  "adminState" : "NORMAL",
  "maintenanceExpireTimeInMS" : 0,
  "lastBlockReportTime" : 1593200016104,
  "lastBlockReportMonotonic" : 140911,
  "level" : 0,
  "networkLocation" : "/default-rack",
  "dfsUsedPercent" : 3.0167205,
  "blockPoolUsedPercent" : 3.0167205,
  "remainingPercent" : 27.34414,
  "cacheUsedPercent" : 100.0,
  "cacheRemaining" : 0,
  "cacheRemainingPercent" : 0.0,
  "datanodeReport" : "Name: 172.18.0.4:9866 (node3.sparknet)\nHostname: node3\nDecommission Status : Normal\nConfigured Capacity: 73445531648 (68.40 GB)\nDFS Used: 2215646439 (2.06 GB)\nNon DFS Used: 47371963161 (44.12 GB)\nDFS Remaining: 20083048448 (18.70 GB)\nDFS Used%: 3.02%\nDFS Remaining%: 27.34%\nConfigured Cache Capacity: 0 (0 B)\nCache Used: 0 (0 B)\nCache Remaining: 0 (0 B)\nCache Used%: 100.00%\nCache Remaining%: 0.00%\nXceivers: 1\nLast contact: Fri Jun 26 19:49:05 UTC 2020\nLast Block Report: Fri Jun 26 19:33:36 UTC 2020\nNum of Blocks: 0\n",
  "decommissionInProgress" : false,
  "decommissioned" : false,
  "enteringMaintenance" : false,
  "inMaintenance" : false,
  "maintenance" : false,
  "inService" : true,
  "name" : "172.18.0.4:9866",
  "parent" : null,
  "infoAddr" : "172.18.0.4:9864",
  "infoSecureAddr" : "172.18.0.4:0",
  "xferAddrWithHostname" : "node3:9866",
  "resolvedAddress" : {
    "hostString" : "172.18.0.4",
    "address" : "172.18.0.4",
    "port" : 9866,
    "unresolved" : false,
    "hostName" : "node3.sparknet"
  }
}