{
  "ipAddr" : "172.18.0.11",
  "ipAddrBytes" : {
    "validUtf8" : true,
    "empty" : false
  },
  "hostName" : "node10",
  "hostNameBytes" : {
    "validUtf8" : true,
    "empty" : false
  },
  "peerHostName" : null,
  "xferPort" : 9866,
  "infoPort" : 9864,
  "infoSecurePort" : 0,
  "ipcPort" : 9867,
  "xferAddr" : "172.18.0.11:9866",
  "datanodeUuid" : "3848c021-b297-47a3-a508-0d417df50c0e",
  "datanodeUuidBytes" : {
    "validUtf8" : true,
    "empty" : false
  },
  "capacity" : 73445531648,
  "dfsUsed" : 1010393088,
  "nonDfsUsed" : 48577224704,
  "remaining" : 20083040256,
  "blockPoolUsed" : 1010393088,
  "cacheCapacity" : 0,
  "cacheUsed" : 0,
  "lastUpdate" : 1593200945991,
  "lastUpdateMonotonic" : 1070798,
  "xceiverCount" : 1,
  "softwareVersion" : null,
  "dependentHostNames" : [ ],
  "upgradeDomain" : null,
  "numBlocks" : 0,
  "adminState" : "NORMAL",
  "maintenanceExpireTimeInMS" : 0,
  "lastBlockReportTime" : 1593200016145,
  "lastBlockReportMonotonic" : 140952,
  "level" : 0,
  "networkLocation" : "/default-rack",
  "dfsUsedPercent" : 1.3757039,
  "blockPoolUsedPercent" : 1.3757039,
  "remainingPercent" : 27.344128,
  "cacheUsedPercent" : 100.0,
  "cacheRemaining" : 0,
  "cacheRemainingPercent" : 0.0,
  "datanodeReport" : "Name: 172.18.0.11:9866 (node10.sparknet)\nHostname: node10\nDecommission Status : Normal\nConfigured Capacity: 73445531648 (68.40 GB)\nDFS Used: 1010393088 (963.59 MB)\nNon DFS Used: 48577224704 (45.24 GB)\nDFS Remaining: 20083040256 (18.70 GB)\nDFS Used%: 1.38%\nDFS Remaining%: 27.34%\nConfigured Cache Capacity: 0 (0 B)\nCache Used: 0 (0 B)\nCache Remaining: 0 (0 B)\nCache Used%: 100.00%\nCache Remaining%: 0.00%\nXceivers: 1\nLast contact: Fri Jun 26 19:49:05 UTC 2020\nLast Block Report: Fri Jun 26 19:33:36 UTC 2020\nNum of Blocks: 0\n",
  "decommissionInProgress" : false,
  "decommissioned" : false,
  "enteringMaintenance" : false,
  "inMaintenance" : false,
  "maintenance" : false,
  "inService" : true,
  "name" : "172.18.0.11:9866",
  "parent" : null,
  "infoAddr" : "172.18.0.11:9864",
  "infoSecureAddr" : "172.18.0.11:0",
  "xferAddrWithHostname" : "node10:9866",
  "resolvedAddress" : {
    "hostString" : "172.18.0.11",
    "address" : "172.18.0.11",
    "port" : 9866,
    "unresolved" : false,
    "hostName" : "node10.sparknet"
  }
}