{
  "ipAddr" : "172.18.0.10",
  "ipAddrBytes" : {
    "validUtf8" : true,
    "empty" : false
  },
  "hostName" : "node9",
  "hostNameBytes" : {
    "validUtf8" : true,
    "empty" : false
  },
  "peerHostName" : null,
  "xferPort" : 9866,
  "infoPort" : 9864,
  "infoSecurePort" : 0,
  "ipcPort" : 9867,
  "xferAddr" : "172.18.0.10:9866",
  "datanodeUuid" : "07af4e7f-6251-493a-997b-f3bd8f7d8ae3",
  "datanodeUuidBytes" : {
    "validUtf8" : true,
    "empty" : false
  },
  "capacity" : 73445531648,
  "dfsUsed" : 1823969694,
  "nonDfsUsed" : 47763680866,
  "remaining" : 20083007488,
  "blockPoolUsed" : 1823969694,
  "cacheCapacity" : 0,
  "cacheUsed" : 0,
  "lastUpdate" : 1593200946342,
  "lastUpdateMonotonic" : 1071149,
  "xceiverCount" : 1,
  "softwareVersion" : null,
  "dependentHostNames" : [ ],
  "upgradeDomain" : null,
  "numBlocks" : 0,
  "adminState" : "NORMAL",
  "maintenanceExpireTimeInMS" : 0,
  "lastBlockReportTime" : 1593200016527,
  "lastBlockReportMonotonic" : 141334,
  "level" : 0,
  "networkLocation" : "/default-rack",
  "dfsUsedPercent" : 2.4834316,
  "blockPoolUsedPercent" : 2.4834316,
  "remainingPercent" : 27.344084,
  "cacheUsedPercent" : 100.0,
  "cacheRemaining" : 0,
  "cacheRemainingPercent" : 0.0,
  "datanodeReport" : "Name: 172.18.0.10:9866 (node9.sparknet)\nHostname: node9\nDecommission Status : Normal\nConfigured Capacity: 73445531648 (68.40 GB)\nDFS Used: 1823969694 (1.70 GB)\nNon DFS Used: 47763680866 (44.48 GB)\nDFS Remaining: 20083007488 (18.70 GB)\nDFS Used%: 2.48%\nDFS Remaining%: 27.34%\nConfigured Cache Capacity: 0 (0 B)\nCache Used: 0 (0 B)\nCache Remaining: 0 (0 B)\nCache Used%: 100.00%\nCache Remaining%: 0.00%\nXceivers: 1\nLast contact: Fri Jun 26 19:49:06 UTC 2020\nLast Block Report: Fri Jun 26 19:33:36 UTC 2020\nNum of Blocks: 0\n",
  "decommissionInProgress" : false,
  "decommissioned" : false,
  "enteringMaintenance" : false,
  "inMaintenance" : false,
  "maintenance" : false,
  "inService" : true,
  "name" : "172.18.0.10:9866",
  "parent" : null,
  "infoAddr" : "172.18.0.10:9864",
  "infoSecureAddr" : "172.18.0.10:0",
  "xferAddrWithHostname" : "node9:9866",
  "resolvedAddress" : {
    "hostString" : "172.18.0.10",
    "address" : "172.18.0.10",
    "port" : 9866,
    "unresolved" : false,
    "hostName" : "node9.sparknet"
  }
}