{
  "ipAddr" : "172.18.0.12",
  "ipAddrBytes" : {
    "validUtf8" : true,
    "empty" : false
  },
  "hostName" : "node11",
  "hostNameBytes" : {
    "validUtf8" : true,
    "empty" : false
  },
  "peerHostName" : null,
  "xferPort" : 9866,
  "infoPort" : 9864,
  "infoSecurePort" : 0,
  "ipcPort" : 9867,
  "xferAddr" : "172.18.0.12:9866",
  "datanodeUuid" : "78403b1e-3e38-4c01-8e96-a209d6023aec",
  "datanodeUuidBytes" : {
    "validUtf8" : true,
    "empty" : false
  },
  "capacity" : 73445531648,
  "dfsUsed" : 1723178594,
  "nonDfsUsed" : 47864439198,
  "remaining" : 20083040256,
  "blockPoolUsed" : 1723178594,
  "cacheCapacity" : 0,
  "cacheUsed" : 0,
  "lastUpdate" : 1593200946054,
  "lastUpdateMonotonic" : 1070861,
  "xceiverCount" : 1,
  "softwareVersion" : null,
  "dependentHostNames" : [ ],
  "upgradeDomain" : null,
  "numBlocks" : 0,
  "adminState" : "NORMAL",
  "maintenanceExpireTimeInMS" : 0,
  "lastBlockReportTime" : 1593200016204,
  "lastBlockReportMonotonic" : 141011,
  "level" : 0,
  "networkLocation" : "/default-rack",
  "dfsUsedPercent" : 2.3461995,
  "blockPoolUsedPercent" : 2.3461995,
  "remainingPercent" : 27.344128,
  "cacheUsedPercent" : 100.0,
  "cacheRemaining" : 0,
  "cacheRemainingPercent" : 0.0,
  "datanodeReport" : "Name: 172.18.0.12:9866 (node11.sparknet)\nHostname: node11\nDecommission Status : Normal\nConfigured Capacity: 73445531648 (68.40 GB)\nDFS Used: 1723178594 (1.60 GB)\nNon DFS Used: 47864439198 (44.58 GB)\nDFS Remaining: 20083040256 (18.70 GB)\nDFS Used%: 2.35%\nDFS Remaining%: 27.34%\nConfigured Cache Capacity: 0 (0 B)\nCache Used: 0 (0 B)\nCache Remaining: 0 (0 B)\nCache Used%: 100.00%\nCache Remaining%: 0.00%\nXceivers: 1\nLast contact: Fri Jun 26 19:49:06 UTC 2020\nLast Block Report: Fri Jun 26 19:33:36 UTC 2020\nNum of Blocks: 0\n",
  "decommissionInProgress" : false,
  "decommissioned" : false,
  "enteringMaintenance" : false,
  "inMaintenance" : false,
  "maintenance" : false,
  "inService" : true,
  "name" : "172.18.0.12:9866",
  "parent" : null,
  "infoAddr" : "172.18.0.12:9864",
  "infoSecureAddr" : "172.18.0.12:0",
  "xferAddrWithHostname" : "node11:9866",
  "resolvedAddress" : {
    "hostString" : "172.18.0.12",
    "address" : "172.18.0.12",
    "port" : 9866,
    "unresolved" : false,
    "hostName" : "node11.sparknet"
  }
}