{
  "ipAddr" : "172.18.0.6",
  "ipAddrBytes" : {
    "validUtf8" : true,
    "empty" : false
  },
  "hostName" : "node5",
  "hostNameBytes" : {
    "validUtf8" : true,
    "empty" : false
  },
  "peerHostName" : null,
  "xferPort" : 9866,
  "infoPort" : 9864,
  "infoSecurePort" : 0,
  "ipcPort" : 9867,
  "xferAddr" : "172.18.0.6:9866",
  "datanodeUuid" : "0c07ab8c-62c2-4d77-beb8-c5d76c8b3508",
  "datanodeUuidBytes" : {
    "validUtf8" : true,
    "empty" : false
  },
  "capacity" : 73445531648,
  "dfsUsed" : 1729234264,
  "nonDfsUsed" : 47858383528,
  "remaining" : 20083040256,
  "blockPoolUsed" : 1729234264,
  "cacheCapacity" : 0,
  "cacheUsed" : 0,
  "lastUpdate" : 1593200946000,
  "lastUpdateMonotonic" : 1070807,
  "xceiverCount" : 1,
  "softwareVersion" : null,
  "dependentHostNames" : [ ],
  "upgradeDomain" : null,
  "numBlocks" : 0,
  "adminState" : "NORMAL",
  "maintenanceExpireTimeInMS" : 0,
  "lastBlockReportTime" : 1593200016101,
  "lastBlockReportMonotonic" : 140908,
  "level" : 0,
  "networkLocation" : "/default-rack",
  "dfsUsedPercent" : 2.3544445,
  "blockPoolUsedPercent" : 2.3544445,
  "remainingPercent" : 27.344128,
  "cacheUsedPercent" : 100.0,
  "cacheRemaining" : 0,
  "cacheRemainingPercent" : 0.0,
  "datanodeReport" : "Name: 172.18.0.6:9866 (node5.sparknet)\nHostname: node5\nDecommission Status : Normal\nConfigured Capacity: 73445531648 (68.40 GB)\nDFS Used: 1729234264 (1.61 GB)\nNon DFS Used: 47858383528 (44.57 GB)\nDFS Remaining: 20083040256 (18.70 GB)\nDFS Used%: 2.35%\nDFS Remaining%: 27.34%\nConfigured Cache Capacity: 0 (0 B)\nCache Used: 0 (0 B)\nCache Remaining: 0 (0 B)\nCache Used%: 100.00%\nCache Remaining%: 0.00%\nXceivers: 1\nLast contact: Fri Jun 26 19:49:06 UTC 2020\nLast Block Report: Fri Jun 26 19:33:36 UTC 2020\nNum of Blocks: 0\n",
  "decommissionInProgress" : false,
  "decommissioned" : false,
  "enteringMaintenance" : false,
  "inMaintenance" : false,
  "maintenance" : false,
  "inService" : true,
  "name" : "172.18.0.6:9866",
  "parent" : null,
  "infoAddr" : "172.18.0.6:9864",
  "infoSecureAddr" : "172.18.0.6:0",
  "xferAddrWithHostname" : "node5:9866",
  "resolvedAddress" : {
    "hostString" : "172.18.0.6",
    "address" : "172.18.0.6",
    "port" : 9866,
    "unresolved" : false,
    "hostName" : "node5.sparknet"
  }
}