{
  "ipAddr" : "172.18.0.10",
  "ipAddrBytes" : {
    "validUtf8" : true,
    "empty" : false
  },
  "hostName" : "node9",
  "hostNameBytes" : {
    "validUtf8" : true,
    "empty" : false
  },
  "peerHostName" : null,
  "xferPort" : 9866,
  "infoPort" : 9864,
  "infoSecurePort" : 0,
  "ipcPort" : 9867,
  "xferAddr" : "172.18.0.10:9866",
  "datanodeUuid" : "2361461a-5b3c-420c-aca7-9a2d4154fb73",
  "datanodeUuidBytes" : {
    "validUtf8" : true,
    "empty" : false
  },
  "capacity" : 73445531648,
  "dfsUsed" : 2094510480,
  "nonDfsUsed" : 47626722928,
  "remaining" : 19949424640,
  "blockPoolUsed" : 2094510480,
  "cacheCapacity" : 0,
  "cacheUsed" : 0,
  "lastUpdate" : 1593382481736,
  "lastUpdateMonotonic" : 941541,
  "xceiverCount" : 1,
  "softwareVersion" : null,
  "dependentHostNames" : [ ],
  "upgradeDomain" : null,
  "numBlocks" : 0,
  "adminState" : "NORMAL",
  "maintenanceExpireTimeInMS" : 0,
  "lastBlockReportTime" : 1593381716802,
  "lastBlockReportMonotonic" : 176607,
  "name" : "172.18.0.10:9866",
  "parent" : null,
  "networkLocation" : "/default-rack",
  "level" : 0,
  "dfsUsedPercent" : 2.8517873,
  "blockPoolUsedPercent" : 2.8517873,
  "remainingPercent" : 27.162203,
  "cacheUsedPercent" : 100.0,
  "cacheRemaining" : 0,
  "cacheRemainingPercent" : 0.0,
  "datanodeReport" : "Name: 172.18.0.10:9866 (node9.sparknet)\nHostname: node9\nDecommission Status : Normal\nConfigured Capacity: 73445531648 (68.40 GB)\nDFS Used: 2094510480 (1.95 GB)\nNon DFS Used: 47626722928 (44.36 GB)\nDFS Remaining: 19949424640 (18.58 GB)\nDFS Used%: 2.85%\nDFS Remaining%: 27.16%\nConfigured Cache Capacity: 0 (0 B)\nCache Used: 0 (0 B)\nCache Remaining: 0 (0 B)\nCache Used%: 100.00%\nCache Remaining%: 0.00%\nXceivers: 1\nLast contact: Sun Jun 28 22:14:41 UTC 2020\nLast Block Report: Sun Jun 28 22:01:56 UTC 2020\nNum of Blocks: 0\n",
  "decommissionInProgress" : false,
  "decommissioned" : false,
  "enteringMaintenance" : false,
  "inMaintenance" : false,
  "maintenance" : false,
  "inService" : true,
  "infoAddr" : "172.18.0.10:9864",
  "infoSecureAddr" : "172.18.0.10:0",
  "xferAddrWithHostname" : "node9:9866",
  "resolvedAddress" : {
    "hostString" : "172.18.0.10",
    "address" : "172.18.0.10",
    "port" : 9866,
    "unresolved" : false,
    "hostName" : "node9.sparknet"
  }
}