{
  "ipAddr" : "172.18.0.12",
  "ipAddrBytes" : {
    "validUtf8" : true,
    "empty" : false
  },
  "hostName" : "node11",
  "hostNameBytes" : {
    "validUtf8" : true,
    "empty" : false
  },
  "peerHostName" : null,
  "xferPort" : 9866,
  "infoPort" : 9864,
  "infoSecurePort" : 0,
  "ipcPort" : 9867,
  "xferAddr" : "172.18.0.12:9866",
  "datanodeUuid" : "eba4aec8-869c-4394-9120-728832d8c521",
  "datanodeUuidBytes" : {
    "validUtf8" : true,
    "empty" : false
  },
  "capacity" : 73445531648,
  "dfsUsed" : 2128965660,
  "nonDfsUsed" : 47592538084,
  "remaining" : 19949154304,
  "blockPoolUsed" : 2128965660,
  "cacheCapacity" : 0,
  "cacheUsed" : 0,
  "lastUpdate" : 1593382483987,
  "lastUpdateMonotonic" : 943792,
  "xceiverCount" : 1,
  "softwareVersion" : null,
  "dependentHostNames" : [ ],
  "upgradeDomain" : null,
  "numBlocks" : 0,
  "adminState" : "NORMAL",
  "maintenanceExpireTimeInMS" : 0,
  "lastBlockReportTime" : 1593381716178,
  "lastBlockReportMonotonic" : 175983,
  "name" : "172.18.0.12:9866",
  "parent" : null,
  "networkLocation" : "/default-rack",
  "level" : 0,
  "dfsUsedPercent" : 2.8987,
  "blockPoolUsedPercent" : 2.8987,
  "remainingPercent" : 27.161835,
  "cacheUsedPercent" : 100.0,
  "cacheRemaining" : 0,
  "cacheRemainingPercent" : 0.0,
  "datanodeReport" : "Name: 172.18.0.12:9866 (node11.sparknet)\nHostname: node11\nDecommission Status : Normal\nConfigured Capacity: 73445531648 (68.40 GB)\nDFS Used: 2128965660 (1.98 GB)\nNon DFS Used: 47592538084 (44.32 GB)\nDFS Remaining: 19949154304 (18.58 GB)\nDFS Used%: 2.90%\nDFS Remaining%: 27.16%\nConfigured Cache Capacity: 0 (0 B)\nCache Used: 0 (0 B)\nCache Remaining: 0 (0 B)\nCache Used%: 100.00%\nCache Remaining%: 0.00%\nXceivers: 1\nLast contact: Sun Jun 28 22:14:43 UTC 2020\nLast Block Report: Sun Jun 28 22:01:56 UTC 2020\nNum of Blocks: 0\n",
  "decommissionInProgress" : false,
  "decommissioned" : false,
  "enteringMaintenance" : false,
  "inMaintenance" : false,
  "maintenance" : false,
  "inService" : true,
  "infoAddr" : "172.18.0.12:9864",
  "infoSecureAddr" : "172.18.0.12:0",
  "xferAddrWithHostname" : "node11:9866",
  "resolvedAddress" : {
    "hostString" : "172.18.0.12",
    "address" : "172.18.0.12",
    "port" : 9866,
    "unresolved" : false,
    "hostName" : "node11.sparknet"
  }
}