{
  "ipAddr" : "172.18.0.7",
  "ipAddrBytes" : {
    "validUtf8" : true,
    "empty" : false
  },
  "hostName" : "node6",
  "hostNameBytes" : {
    "validUtf8" : true,
    "empty" : false
  },
  "peerHostName" : null,
  "xferPort" : 9866,
  "infoPort" : 9864,
  "infoSecurePort" : 0,
  "ipcPort" : 9867,
  "xferAddr" : "172.18.0.7:9866",
  "datanodeUuid" : "6da04d03-e2eb-418f-9a6e-4a1705049661",
  "datanodeUuidBytes" : {
    "validUtf8" : true,
    "empty" : false
  },
  "capacity" : 73445531648,
  "dfsUsed" : 789459330,
  "nonDfsUsed" : 48932036222,
  "remaining" : 19949162496,
  "blockPoolUsed" : 789459330,
  "cacheCapacity" : 0,
  "cacheUsed" : 0,
  "lastUpdate" : 1593382483860,
  "lastUpdateMonotonic" : 943665,
  "xceiverCount" : 1,
  "softwareVersion" : null,
  "dependentHostNames" : [ ],
  "upgradeDomain" : null,
  "numBlocks" : 0,
  "adminState" : "NORMAL",
  "maintenanceExpireTimeInMS" : 0,
  "lastBlockReportTime" : 1593381716102,
  "lastBlockReportMonotonic" : 175907,
  "name" : "172.18.0.7:9866",
  "parent" : null,
  "networkLocation" : "/default-rack",
  "level" : 0,
  "dfsUsedPercent" : 1.074891,
  "blockPoolUsedPercent" : 1.074891,
  "remainingPercent" : 27.161846,
  "cacheUsedPercent" : 100.0,
  "cacheRemaining" : 0,
  "cacheRemainingPercent" : 0.0,
  "datanodeReport" : "Name: 172.18.0.7:9866 (node6.sparknet)\nHostname: node6\nDecommission Status : Normal\nConfigured Capacity: 73445531648 (68.40 GB)\nDFS Used: 789459330 (752.89 MB)\nNon DFS Used: 48932036222 (45.57 GB)\nDFS Remaining: 19949162496 (18.58 GB)\nDFS Used%: 1.07%\nDFS Remaining%: 27.16%\nConfigured Cache Capacity: 0 (0 B)\nCache Used: 0 (0 B)\nCache Remaining: 0 (0 B)\nCache Used%: 100.00%\nCache Remaining%: 0.00%\nXceivers: 1\nLast contact: Sun Jun 28 22:14:43 UTC 2020\nLast Block Report: Sun Jun 28 22:01:56 UTC 2020\nNum of Blocks: 0\n",
  "decommissionInProgress" : false,
  "decommissioned" : false,
  "enteringMaintenance" : false,
  "inMaintenance" : false,
  "maintenance" : false,
  "inService" : true,
  "infoAddr" : "172.18.0.7:9864",
  "infoSecureAddr" : "172.18.0.7:0",
  "xferAddrWithHostname" : "node6:9866",
  "resolvedAddress" : {
    "hostString" : "172.18.0.7",
    "address" : "172.18.0.7",
    "port" : 9866,
    "unresolved" : false,
    "hostName" : "node6.sparknet"
  }
}