{
  "ipAddr" : "172.18.0.4",
  "ipAddrBytes" : {
    "validUtf8" : true,
    "empty" : false
  },
  "hostName" : "node3",
  "hostNameBytes" : {
    "validUtf8" : true,
    "empty" : false
  },
  "peerHostName" : null,
  "xferPort" : 9866,
  "infoPort" : 9864,
  "infoSecurePort" : 0,
  "ipcPort" : 9867,
  "xferAddr" : "172.18.0.4:9866",
  "datanodeUuid" : "febce0d8-7a61-4840-b321-02b653148276",
  "datanodeUuidBytes" : {
    "validUtf8" : true,
    "empty" : false
  },
  "capacity" : 73445531648,
  "dfsUsed" : 1809841790,
  "nonDfsUsed" : 47911653762,
  "remaining" : 19949162496,
  "blockPoolUsed" : 1809841790,
  "cacheCapacity" : 0,
  "cacheUsed" : 0,
  "lastUpdate" : 1593382483931,
  "lastUpdateMonotonic" : 943736,
  "xceiverCount" : 1,
  "softwareVersion" : null,
  "dependentHostNames" : [ ],
  "upgradeDomain" : null,
  "numBlocks" : 0,
  "adminState" : "NORMAL",
  "maintenanceExpireTimeInMS" : 0,
  "lastBlockReportTime" : 1593381716141,
  "lastBlockReportMonotonic" : 175947,
  "name" : "172.18.0.4:9866",
  "parent" : null,
  "networkLocation" : "/default-rack",
  "level" : 0,
  "dfsUsedPercent" : 2.464196,
  "blockPoolUsedPercent" : 2.464196,
  "remainingPercent" : 27.161846,
  "cacheUsedPercent" : 100.0,
  "cacheRemaining" : 0,
  "cacheRemainingPercent" : 0.0,
  "datanodeReport" : "Name: 172.18.0.4:9866 (node3.sparknet)\nHostname: node3\nDecommission Status : Normal\nConfigured Capacity: 73445531648 (68.40 GB)\nDFS Used: 1809841790 (1.69 GB)\nNon DFS Used: 47911653762 (44.62 GB)\nDFS Remaining: 19949162496 (18.58 GB)\nDFS Used%: 2.46%\nDFS Remaining%: 27.16%\nConfigured Cache Capacity: 0 (0 B)\nCache Used: 0 (0 B)\nCache Remaining: 0 (0 B)\nCache Used%: 100.00%\nCache Remaining%: 0.00%\nXceivers: 1\nLast contact: Sun Jun 28 22:14:43 UTC 2020\nLast Block Report: Sun Jun 28 22:01:56 UTC 2020\nNum of Blocks: 0\n",
  "decommissionInProgress" : false,
  "decommissioned" : false,
  "enteringMaintenance" : false,
  "inMaintenance" : false,
  "maintenance" : false,
  "inService" : true,
  "infoAddr" : "172.18.0.4:9864",
  "infoSecureAddr" : "172.18.0.4:0",
  "xferAddrWithHostname" : "node3:9866",
  "resolvedAddress" : {
    "hostString" : "172.18.0.4",
    "address" : "172.18.0.4",
    "port" : 9866,
    "unresolved" : false,
    "hostName" : "node3.sparknet"
  }
}