{
  "ipAddr" : "172.18.0.8",
  "ipAddrBytes" : {
    "validUtf8" : true,
    "empty" : false
  },
  "hostName" : "node7",
  "hostNameBytes" : {
    "validUtf8" : true,
    "empty" : false
  },
  "peerHostName" : null,
  "xferPort" : 9866,
  "infoPort" : 9864,
  "infoSecurePort" : 0,
  "ipcPort" : 9867,
  "xferAddr" : "172.18.0.8:9866",
  "datanodeUuid" : "61e15eff-b1b6-49f7-9956-5770c060ee2a",
  "datanodeUuidBytes" : {
    "validUtf8" : true,
    "empty" : false
  },
  "capacity" : 73445531648,
  "dfsUsed" : 1392799330,
  "nonDfsUsed" : 48328712606,
  "remaining" : 19949146112,
  "blockPoolUsed" : 1392799330,
  "cacheCapacity" : 0,
  "cacheUsed" : 0,
  "lastUpdate" : 1593382484086,
  "lastUpdateMonotonic" : 943892,
  "xceiverCount" : 1,
  "softwareVersion" : null,
  "dependentHostNames" : [ ],
  "upgradeDomain" : null,
  "numBlocks" : 0,
  "adminState" : "NORMAL",
  "maintenanceExpireTimeInMS" : 0,
  "lastBlockReportTime" : 1593381716198,
  "lastBlockReportMonotonic" : 176003,
  "name" : "172.18.0.8:9866",
  "parent" : null,
  "networkLocation" : "/default-rack",
  "level" : 0,
  "dfsUsedPercent" : 1.8963705,
  "blockPoolUsedPercent" : 1.8963705,
  "remainingPercent" : 27.161825,
  "cacheUsedPercent" : 100.0,
  "cacheRemaining" : 0,
  "cacheRemainingPercent" : 0.0,
  "datanodeReport" : "Name: 172.18.0.8:9866 (node7.sparknet)\nHostname: node7\nDecommission Status : Normal\nConfigured Capacity: 73445531648 (68.40 GB)\nDFS Used: 1392799330 (1.30 GB)\nNon DFS Used: 48328712606 (45.01 GB)\nDFS Remaining: 19949146112 (18.58 GB)\nDFS Used%: 1.90%\nDFS Remaining%: 27.16%\nConfigured Cache Capacity: 0 (0 B)\nCache Used: 0 (0 B)\nCache Remaining: 0 (0 B)\nCache Used%: 100.00%\nCache Remaining%: 0.00%\nXceivers: 1\nLast contact: Sun Jun 28 22:14:44 UTC 2020\nLast Block Report: Sun Jun 28 22:01:56 UTC 2020\nNum of Blocks: 0\n",
  "decommissionInProgress" : false,
  "decommissioned" : false,
  "enteringMaintenance" : false,
  "inMaintenance" : false,
  "maintenance" : false,
  "inService" : true,
  "infoAddr" : "172.18.0.8:9864",
  "infoSecureAddr" : "172.18.0.8:0",
  "xferAddrWithHostname" : "node7:9866",
  "resolvedAddress" : {
    "hostString" : "172.18.0.8",
    "address" : "172.18.0.8",
    "port" : 9866,
    "unresolved" : false,
    "hostName" : "node7.sparknet"
  }
}