{
  "ipAddr" : "172.18.0.6",
  "ipAddrBytes" : {
    "validUtf8" : true,
    "empty" : false
  },
  "hostName" : "node5",
  "hostNameBytes" : {
    "validUtf8" : true,
    "empty" : false
  },
  "peerHostName" : null,
  "xferPort" : 9866,
  "infoPort" : 9864,
  "infoSecurePort" : 0,
  "ipcPort" : 9867,
  "xferAddr" : "172.18.0.6:9866",
  "datanodeUuid" : "b07ab853-0afe-4363-9cf8-1ad6e0b68017",
  "datanodeUuidBytes" : {
    "validUtf8" : true,
    "empty" : false
  },
  "capacity" : 73445531648,
  "dfsUsed" : 1758580736,
  "nonDfsUsed" : 47962914816,
  "remaining" : 19949162496,
  "blockPoolUsed" : 1758580736,
  "cacheCapacity" : 0,
  "cacheUsed" : 0,
  "lastUpdate" : 1593382483975,
  "lastUpdateMonotonic" : 943780,
  "xceiverCount" : 1,
  "softwareVersion" : null,
  "dependentHostNames" : [ ],
  "upgradeDomain" : null,
  "numBlocks" : 0,
  "adminState" : "NORMAL",
  "maintenanceExpireTimeInMS" : 0,
  "lastBlockReportTime" : 1593381716181,
  "lastBlockReportMonotonic" : 175986,
  "name" : "172.18.0.6:9866",
  "parent" : null,
  "networkLocation" : "/default-rack",
  "level" : 0,
  "dfsUsedPercent" : 2.3944013,
  "blockPoolUsedPercent" : 2.3944013,
  "remainingPercent" : 27.161846,
  "cacheUsedPercent" : 100.0,
  "cacheRemaining" : 0,
  "cacheRemainingPercent" : 0.0,
  "datanodeReport" : "Name: 172.18.0.6:9866 (node5.sparknet)\nHostname: node5\nDecommission Status : Normal\nConfigured Capacity: 73445531648 (68.40 GB)\nDFS Used: 1758580736 (1.64 GB)\nNon DFS Used: 47962914816 (44.67 GB)\nDFS Remaining: 19949162496 (18.58 GB)\nDFS Used%: 2.39%\nDFS Remaining%: 27.16%\nConfigured Cache Capacity: 0 (0 B)\nCache Used: 0 (0 B)\nCache Remaining: 0 (0 B)\nCache Used%: 100.00%\nCache Remaining%: 0.00%\nXceivers: 1\nLast contact: Sun Jun 28 22:14:43 UTC 2020\nLast Block Report: Sun Jun 28 22:01:56 UTC 2020\nNum of Blocks: 0\n",
  "decommissionInProgress" : false,
  "decommissioned" : false,
  "enteringMaintenance" : false,
  "inMaintenance" : false,
  "maintenance" : false,
  "inService" : true,
  "infoAddr" : "172.18.0.6:9864",
  "infoSecureAddr" : "172.18.0.6:0",
  "xferAddrWithHostname" : "node5:9866",
  "resolvedAddress" : {
    "hostString" : "172.18.0.6",
    "address" : "172.18.0.6",
    "port" : 9866,
    "unresolved" : false,
    "hostName" : "node5.sparknet"
  }
}