{
  "ipAddr" : "172.18.0.3",
  "ipAddrBytes" : {
    "validUtf8" : true,
    "empty" : false
  },
  "hostName" : "node2",
  "hostNameBytes" : {
    "validUtf8" : true,
    "empty" : false
  },
  "peerHostName" : null,
  "xferPort" : 9866,
  "infoPort" : 9864,
  "infoSecurePort" : 0,
  "ipcPort" : 9867,
  "xferAddr" : "172.18.0.3:9866",
  "datanodeUuid" : "8abcd1a8-f4e1-4ff8-a8cf-1f6419dcc5a1",
  "datanodeUuidBytes" : {
    "validUtf8" : true,
    "empty" : false
  },
  "capacity" : 73445531648,
  "dfsUsed" : 1682649074,
  "nonDfsUsed" : 48038850574,
  "remaining" : 19949158400,
  "blockPoolUsed" : 1682649074,
  "cacheCapacity" : 0,
  "cacheUsed" : 0,
  "lastUpdate" : 1593382483991,
  "lastUpdateMonotonic" : 943796,
  "xceiverCount" : 1,
  "softwareVersion" : null,
  "dependentHostNames" : [ ],
  "upgradeDomain" : null,
  "numBlocks" : 0,
  "adminState" : "NORMAL",
  "maintenanceExpireTimeInMS" : 0,
  "lastBlockReportTime" : 1593381716062,
  "lastBlockReportMonotonic" : 175867,
  "name" : "172.18.0.3:9866",
  "parent" : null,
  "networkLocation" : "/default-rack",
  "level" : 0,
  "dfsUsedPercent" : 2.2910163,
  "blockPoolUsedPercent" : 2.2910163,
  "remainingPercent" : 27.16184,
  "cacheUsedPercent" : 100.0,
  "cacheRemaining" : 0,
  "cacheRemainingPercent" : 0.0,
  "datanodeReport" : "Name: 172.18.0.3:9866 (node2.sparknet)\nHostname: node2\nDecommission Status : Normal\nConfigured Capacity: 73445531648 (68.40 GB)\nDFS Used: 1682649074 (1.57 GB)\nNon DFS Used: 48038850574 (44.74 GB)\nDFS Remaining: 19949158400 (18.58 GB)\nDFS Used%: 2.29%\nDFS Remaining%: 27.16%\nConfigured Cache Capacity: 0 (0 B)\nCache Used: 0 (0 B)\nCache Remaining: 0 (0 B)\nCache Used%: 100.00%\nCache Remaining%: 0.00%\nXceivers: 1\nLast contact: Sun Jun 28 22:14:43 UTC 2020\nLast Block Report: Sun Jun 28 22:01:56 UTC 2020\nNum of Blocks: 0\n",
  "decommissionInProgress" : false,
  "decommissioned" : false,
  "enteringMaintenance" : false,
  "inMaintenance" : false,
  "maintenance" : false,
  "inService" : true,
  "infoAddr" : "172.18.0.3:9864",
  "infoSecureAddr" : "172.18.0.3:0",
  "xferAddrWithHostname" : "node2:9866",
  "resolvedAddress" : {
    "hostString" : "172.18.0.3",
    "address" : "172.18.0.3",
    "port" : 9866,
    "unresolved" : false,
    "hostName" : "node2.sparknet"
  }
}