{
  "ipAddr" : "172.18.0.5",
  "ipAddrBytes" : {
    "validUtf8" : true,
    "empty" : false
  },
  "hostName" : "node4",
  "hostNameBytes" : {
    "validUtf8" : true,
    "empty" : false
  },
  "peerHostName" : null,
  "xferPort" : 9866,
  "infoPort" : 9864,
  "infoSecurePort" : 0,
  "ipcPort" : 9867,
  "xferAddr" : "172.18.0.5:9866",
  "datanodeUuid" : "0f3d72db-a9bd-4ecf-a6b8-2d872c0cc6ba",
  "datanodeUuidBytes" : {
    "validUtf8" : true,
    "empty" : false
  },
  "capacity" : 73445531648,
  "dfsUsed" : 2135015852,
  "nonDfsUsed" : 47586479700,
  "remaining" : 19949162496,
  "blockPoolUsed" : 2135015852,
  "cacheCapacity" : 0,
  "cacheUsed" : 0,
  "lastUpdate" : 1593382483765,
  "lastUpdateMonotonic" : 943570,
  "xceiverCount" : 1,
  "softwareVersion" : null,
  "dependentHostNames" : [ ],
  "upgradeDomain" : null,
  "numBlocks" : 0,
  "adminState" : "NORMAL",
  "maintenanceExpireTimeInMS" : 0,
  "lastBlockReportTime" : 1593381716016,
  "lastBlockReportMonotonic" : 175821,
  "name" : "172.18.0.5:9866",
  "parent" : null,
  "networkLocation" : "/default-rack",
  "level" : 0,
  "dfsUsedPercent" : 2.9069376,
  "blockPoolUsedPercent" : 2.9069376,
  "remainingPercent" : 27.161846,
  "cacheUsedPercent" : 100.0,
  "cacheRemaining" : 0,
  "cacheRemainingPercent" : 0.0,
  "datanodeReport" : "Name: 172.18.0.5:9866 (node4.sparknet)\nHostname: node4\nDecommission Status : Normal\nConfigured Capacity: 73445531648 (68.40 GB)\nDFS Used: 2135015852 (1.99 GB)\nNon DFS Used: 47586479700 (44.32 GB)\nDFS Remaining: 19949162496 (18.58 GB)\nDFS Used%: 2.91%\nDFS Remaining%: 27.16%\nConfigured Cache Capacity: 0 (0 B)\nCache Used: 0 (0 B)\nCache Remaining: 0 (0 B)\nCache Used%: 100.00%\nCache Remaining%: 0.00%\nXceivers: 1\nLast contact: Sun Jun 28 22:14:43 UTC 2020\nLast Block Report: Sun Jun 28 22:01:56 UTC 2020\nNum of Blocks: 0\n",
  "decommissionInProgress" : false,
  "decommissioned" : false,
  "enteringMaintenance" : false,
  "inMaintenance" : false,
  "maintenance" : false,
  "inService" : true,
  "infoAddr" : "172.18.0.5:9864",
  "infoSecureAddr" : "172.18.0.5:0",
  "xferAddrWithHostname" : "node4:9866",
  "resolvedAddress" : {
    "hostString" : "172.18.0.5",
    "address" : "172.18.0.5",
    "port" : 9866,
    "unresolved" : false,
    "hostName" : "node4.sparknet"
  }
}