{
  "ipAddr" : "172.18.0.9",
  "ipAddrBytes" : {
    "validUtf8" : true,
    "empty" : false
  },
  "hostName" : "node8",
  "hostNameBytes" : {
    "validUtf8" : true,
    "empty" : false
  },
  "peerHostName" : null,
  "xferPort" : 9866,
  "infoPort" : 9864,
  "infoSecurePort" : 0,
  "ipcPort" : 9867,
  "xferAddr" : "172.18.0.9:9866",
  "datanodeUuid" : "2169f6fe-616d-409b-aa98-2e1e1650f63c",
  "datanodeUuidBytes" : {
    "validUtf8" : true,
    "empty" : false
  },
  "capacity" : 73445531648,
  "dfsUsed" : 1809849968,
  "nonDfsUsed" : 47911641488,
  "remaining" : 19949166592,
  "blockPoolUsed" : 1809849968,
  "cacheCapacity" : 0,
  "cacheUsed" : 0,
  "lastUpdate" : 1593382483786,
  "lastUpdateMonotonic" : 943591,
  "xceiverCount" : 1,
  "softwareVersion" : null,
  "dependentHostNames" : [ ],
  "upgradeDomain" : null,
  "numBlocks" : 0,
  "adminState" : "NORMAL",
  "maintenanceExpireTimeInMS" : 0,
  "lastBlockReportTime" : 1593381716015,
  "lastBlockReportMonotonic" : 175820,
  "name" : "172.18.0.9:9866",
  "parent" : null,
  "networkLocation" : "/default-rack",
  "level" : 0,
  "dfsUsedPercent" : 2.4642072,
  "blockPoolUsedPercent" : 2.4642072,
  "remainingPercent" : 27.161852,
  "cacheUsedPercent" : 100.0,
  "cacheRemaining" : 0,
  "cacheRemainingPercent" : 0.0,
  "datanodeReport" : "Name: 172.18.0.9:9866 (node8.sparknet)\nHostname: node8\nDecommission Status : Normal\nConfigured Capacity: 73445531648 (68.40 GB)\nDFS Used: 1809849968 (1.69 GB)\nNon DFS Used: 47911641488 (44.62 GB)\nDFS Remaining: 19949166592 (18.58 GB)\nDFS Used%: 2.46%\nDFS Remaining%: 27.16%\nConfigured Cache Capacity: 0 (0 B)\nCache Used: 0 (0 B)\nCache Remaining: 0 (0 B)\nCache Used%: 100.00%\nCache Remaining%: 0.00%\nXceivers: 1\nLast contact: Sun Jun 28 22:14:43 UTC 2020\nLast Block Report: Sun Jun 28 22:01:56 UTC 2020\nNum of Blocks: 0\n",
  "decommissionInProgress" : false,
  "decommissioned" : false,
  "enteringMaintenance" : false,
  "inMaintenance" : false,
  "maintenance" : false,
  "inService" : true,
  "infoAddr" : "172.18.0.9:9864",
  "infoSecureAddr" : "172.18.0.9:0",
  "xferAddrWithHostname" : "node8:9866",
  "resolvedAddress" : {
    "hostString" : "172.18.0.9",
    "address" : "172.18.0.9",
    "port" : 9866,
    "unresolved" : false,
    "hostName" : "node8.sparknet"
  }
}