{
  "ipAddr" : "172.18.0.11",
  "ipAddrBytes" : {
    "validUtf8" : true,
    "empty" : false
  },
  "hostName" : "node10",
  "hostNameBytes" : {
    "validUtf8" : true,
    "empty" : false
  },
  "peerHostName" : null,
  "xferPort" : 9866,
  "infoPort" : 9864,
  "infoSecurePort" : 0,
  "ipcPort" : 9867,
  "xferAddr" : "172.18.0.11:9866",
  "datanodeUuid" : "3c2817ba-7631-4f01-b763-1cc1d2b4ca0d",
  "datanodeUuidBytes" : {
    "validUtf8" : true,
    "empty" : false
  },
  "capacity" : 73445531648,
  "dfsUsed" : 1280937977,
  "nonDfsUsed" : 48440557575,
  "remaining" : 19949162496,
  "blockPoolUsed" : 1280937977,
  "cacheCapacity" : 0,
  "cacheUsed" : 0,
  "lastUpdate" : 1593382483975,
  "lastUpdateMonotonic" : 943780,
  "xceiverCount" : 1,
  "softwareVersion" : null,
  "dependentHostNames" : [ ],
  "upgradeDomain" : null,
  "numBlocks" : 0,
  "adminState" : "NORMAL",
  "maintenanceExpireTimeInMS" : 0,
  "lastBlockReportTime" : 1593381716212,
  "lastBlockReportMonotonic" : 176017,
  "name" : "172.18.0.11:9866",
  "parent" : null,
  "networkLocation" : "/default-rack",
  "level" : 0,
  "dfsUsedPercent" : 1.7440653,
  "blockPoolUsedPercent" : 1.7440653,
  "remainingPercent" : 27.161846,
  "cacheUsedPercent" : 100.0,
  "cacheRemaining" : 0,
  "cacheRemainingPercent" : 0.0,
  "datanodeReport" : "Name: 172.18.0.11:9866 (node10.sparknet)\nHostname: node10\nDecommission Status : Normal\nConfigured Capacity: 73445531648 (68.40 GB)\nDFS Used: 1280937977 (1.19 GB)\nNon DFS Used: 48440557575 (45.11 GB)\nDFS Remaining: 19949162496 (18.58 GB)\nDFS Used%: 1.74%\nDFS Remaining%: 27.16%\nConfigured Cache Capacity: 0 (0 B)\nCache Used: 0 (0 B)\nCache Remaining: 0 (0 B)\nCache Used%: 100.00%\nCache Remaining%: 0.00%\nXceivers: 1\nLast contact: Sun Jun 28 22:14:43 UTC 2020\nLast Block Report: Sun Jun 28 22:01:56 UTC 2020\nNum of Blocks: 0\n",
  "decommissionInProgress" : false,
  "decommissioned" : false,
  "enteringMaintenance" : false,
  "inMaintenance" : false,
  "maintenance" : false,
  "inService" : true,
  "infoAddr" : "172.18.0.11:9864",
  "infoSecureAddr" : "172.18.0.11:0",
  "xferAddrWithHostname" : "node10:9866",
  "resolvedAddress" : {
    "hostString" : "172.18.0.11",
    "address" : "172.18.0.11",
    "port" : 9866,
    "unresolved" : false,
    "hostName" : "node10.sparknet"
  }
}