{
  "jobName" : "job_1593200024087_0002",
  "paths" : [ "hdfs://nodemaster:9000/tmp/hive/hadoop/dac88e67-c663-4298-b52e-2ca2ea186436/hive_2020-06-26_19-49-16_488_4209311522184192358-1/-mr-10004" ],
  "locations" : [ "node4", "node10", "node5", "node11", "node9" ],
  "jobDataPaths" : [ {
    "path" : "hdfs://nodemaster:9000/tmp/hive/hadoop/dac88e67-c663-4298-b52e-2ca2ea186436/hive_2020-06-26_19-49-16_488_4209311522184192358-1/-mr-10004",
    "filesList" : [ {
      "file" : "HdfsLocatedFileStatus{path=hdfs://nodemaster:9000/tmp/hive/hadoop/dac88e67-c663-4298-b52e-2ca2ea186436/hive_2020-06-26_19-49-16_488_4209311522184192358-1/-mr-10004/000000_0; isDirectory=false; length=96; replication=3; blocksize=134217728; modification_time=1593201037425; access_time=1593201037018; owner=hadoop; group=supergroup; permission=rw-r--r--; isSymlink=false; hasAcl=false; isEncrypted=false; isErasureCoded=false}",
      "blockList" : [ {
        "blockId" : 0,
        "replicaList" : [ {
          "replicaId" : 1,
          "location" : "172.18.0.11:9866",
          "storageId" : "DS-f10bdeae-7ddc-4b9c-a673-0bc0a35e87a7",
          "storageType" : "DISK",
          "topologyPath" : "/default-rack/172.18.0.11:9866"
        }, {
          "replicaId" : 2,
          "location" : "172.18.0.12:9866",
          "storageId" : "DS-23aa3d92-4b8e-4ed8-9343-d1fbcdb7985a",
          "storageType" : "DISK",
          "topologyPath" : "/default-rack/172.18.0.12:9866"
        }, {
          "replicaId" : 3,
          "location" : "172.18.0.10:9866",
          "storageId" : "DS-1f933f55-9a84-4557-b978-3df1c52b40cc",
          "storageType" : "DISK",
          "topologyPath" : "/default-rack/172.18.0.10:9866"
        } ]
      } ]
    }, {
      "file" : "HdfsLocatedFileStatus{path=hdfs://nodemaster:9000/tmp/hive/hadoop/dac88e67-c663-4298-b52e-2ca2ea186436/hive_2020-06-26_19-49-16_488_4209311522184192358-1/-mr-10004/000001_0; isDirectory=false; length=160; replication=3; blocksize=134217728; modification_time=1593201036590; access_time=1593201036400; owner=hadoop; group=supergroup; permission=rw-r--r--; isSymlink=false; hasAcl=false; isEncrypted=false; isErasureCoded=false}",
      "blockList" : [ {
        "blockId" : 0,
        "replicaList" : [ {
          "replicaId" : 1,
          "location" : "172.18.0.5:9866",
          "storageId" : "DS-6091f375-bd25-4bc3-b100-022ed0e69cb1",
          "storageType" : "DISK",
          "topologyPath" : "/default-rack/172.18.0.5:9866"
        }, {
          "replicaId" : 2,
          "location" : "172.18.0.9:9866",
          "storageId" : "DS-b452a2da-34e5-4561-9426-60afafb5755d",
          "storageType" : "DISK",
          "topologyPath" : "/default-rack/172.18.0.9:9866"
        }, {
          "replicaId" : 3,
          "location" : "172.18.0.3:9866",
          "storageId" : "DS-ce3ee9c6-b271-4604-8eed-6aa6bc320b3d",
          "storageType" : "DISK",
          "topologyPath" : "/default-rack/172.18.0.3:9866"
        } ]
      } ]
    }, {
      "file" : "HdfsLocatedFileStatus{path=hdfs://nodemaster:9000/tmp/hive/hadoop/dac88e67-c663-4298-b52e-2ca2ea186436/hive_2020-06-26_19-49-16_488_4209311522184192358-1/-mr-10004/000002_0; isDirectory=false; length=96; replication=3; blocksize=134217728; modification_time=1593201037852; access_time=1593201037555; owner=hadoop; group=supergroup; permission=rw-r--r--; isSymlink=false; hasAcl=false; isEncrypted=false; isErasureCoded=false}",
      "blockList" : [ {
        "blockId" : 0,
        "replicaList" : [ {
          "replicaId" : 1,
          "location" : "172.18.0.3:9866",
          "storageId" : "DS-ce3ee9c6-b271-4604-8eed-6aa6bc320b3d",
          "storageType" : "DISK",
          "topologyPath" : "/default-rack/172.18.0.3:9866"
        }, {
          "replicaId" : 2,
          "location" : "172.18.0.11:9866",
          "storageId" : "DS-f10bdeae-7ddc-4b9c-a673-0bc0a35e87a7",
          "storageType" : "DISK",
          "topologyPath" : "/default-rack/172.18.0.11:9866"
        }, {
          "replicaId" : 3,
          "location" : "172.18.0.4:9866",
          "storageId" : "DS-bcb35d91-4542-488b-8c6c-3e2175a6a856",
          "storageType" : "DISK",
          "topologyPath" : "/default-rack/172.18.0.4:9866"
        } ]
      } ]
    }, {
      "file" : "HdfsLocatedFileStatus{path=hdfs://nodemaster:9000/tmp/hive/hadoop/dac88e67-c663-4298-b52e-2ca2ea186436/hive_2020-06-26_19-49-16_488_4209311522184192358-1/-mr-10004/000003_0; isDirectory=false; length=96; replication=3; blocksize=134217728; modification_time=1593201037014; access_time=1593201036754; owner=hadoop; group=supergroup; permission=rw-r--r--; isSymlink=false; hasAcl=false; isEncrypted=false; isErasureCoded=false}",
      "blockList" : [ {
        "blockId" : 0,
        "replicaList" : [ {
          "replicaId" : 1,
          "location" : "172.18.0.8:9866",
          "storageId" : "DS-4745e60f-3fbb-44ee-a211-336ab6a34ec2",
          "storageType" : "DISK",
          "topologyPath" : "/default-rack/172.18.0.8:9866"
        }, {
          "replicaId" : 2,
          "location" : "172.18.0.11:9866",
          "storageId" : "DS-f10bdeae-7ddc-4b9c-a673-0bc0a35e87a7",
          "storageType" : "DISK",
          "topologyPath" : "/default-rack/172.18.0.11:9866"
        }, {
          "replicaId" : 3,
          "location" : "172.18.0.3:9866",
          "storageId" : "DS-ce3ee9c6-b271-4604-8eed-6aa6bc320b3d",
          "storageType" : "DISK",
          "topologyPath" : "/default-rack/172.18.0.3:9866"
        } ]
      } ]
    }, {
      "file" : "HdfsLocatedFileStatus{path=hdfs://nodemaster:9000/tmp/hive/hadoop/dac88e67-c663-4298-b52e-2ca2ea186436/hive_2020-06-26_19-49-16_488_4209311522184192358-1/-mr-10004/000004_0; isDirectory=false; length=157; replication=3; blocksize=134217728; modification_time=1593201037764; access_time=1593201037455; owner=hadoop; group=supergroup; permission=rw-r--r--; isSymlink=false; hasAcl=false; isEncrypted=false; isErasureCoded=false}",
      "blockList" : [ {
        "blockId" : 0,
        "replicaList" : [ {
          "replicaId" : 1,
          "location" : "172.18.0.11:9866",
          "storageId" : "DS-f10bdeae-7ddc-4b9c-a673-0bc0a35e87a7",
          "storageType" : "DISK",
          "topologyPath" : "/default-rack/172.18.0.11:9866"
        }, {
          "replicaId" : 2,
          "location" : "172.18.0.12:9866",
          "storageId" : "DS-23aa3d92-4b8e-4ed8-9343-d1fbcdb7985a",
          "storageType" : "DISK",
          "topologyPath" : "/default-rack/172.18.0.12:9866"
        }, {
          "replicaId" : 3,
          "location" : "172.18.0.4:9866",
          "storageId" : "DS-bcb35d91-4542-488b-8c6c-3e2175a6a856",
          "storageType" : "DISK",
          "topologyPath" : "/default-rack/172.18.0.4:9866"
        } ]
      } ]
    }, {
      "file" : "HdfsLocatedFileStatus{path=hdfs://nodemaster:9000/tmp/hive/hadoop/dac88e67-c663-4298-b52e-2ca2ea186436/hive_2020-06-26_19-49-16_488_4209311522184192358-1/-mr-10004/000005_0; isDirectory=false; length=157; replication=3; blocksize=134217728; modification_time=1593201038658; access_time=1593201038431; owner=hadoop; group=supergroup; permission=rw-r--r--; isSymlink=false; hasAcl=false; isEncrypted=false; isErasureCoded=false}",
      "blockList" : [ {
        "blockId" : 0,
        "replicaList" : [ {
          "replicaId" : 1,
          "location" : "172.18.0.3:9866",
          "storageId" : "DS-ce3ee9c6-b271-4604-8eed-6aa6bc320b3d",
          "storageType" : "DISK",
          "topologyPath" : "/default-rack/172.18.0.3:9866"
        }, {
          "replicaId" : 2,
          "location" : "172.18.0.12:9866",
          "storageId" : "DS-23aa3d92-4b8e-4ed8-9343-d1fbcdb7985a",
          "storageType" : "DISK",
          "topologyPath" : "/default-rack/172.18.0.12:9866"
        }, {
          "replicaId" : 3,
          "location" : "172.18.0.7:9866",
          "storageId" : "DS-c593d964-0c47-46e2-b682-54f96b003b38",
          "storageType" : "DISK",
          "topologyPath" : "/default-rack/172.18.0.7:9866"
        } ]
      } ]
    }, {
      "file" : "HdfsLocatedFileStatus{path=hdfs://nodemaster:9000/tmp/hive/hadoop/dac88e67-c663-4298-b52e-2ca2ea186436/hive_2020-06-26_19-49-16_488_4209311522184192358-1/-mr-10004/000006_0; isDirectory=false; length=96; replication=3; blocksize=134217728; modification_time=1593201042725; access_time=1593201042419; owner=hadoop; group=supergroup; permission=rw-r--r--; isSymlink=false; hasAcl=false; isEncrypted=false; isErasureCoded=false}",
      "blockList" : [ {
        "blockId" : 0,
        "replicaList" : [ {
          "replicaId" : 1,
          "location" : "172.18.0.3:9866",
          "storageId" : "DS-ce3ee9c6-b271-4604-8eed-6aa6bc320b3d",
          "storageType" : "DISK",
          "topologyPath" : "/default-rack/172.18.0.3:9866"
        }, {
          "replicaId" : 2,
          "location" : "172.18.0.4:9866",
          "storageId" : "DS-bcb35d91-4542-488b-8c6c-3e2175a6a856",
          "storageType" : "DISK",
          "topologyPath" : "/default-rack/172.18.0.4:9866"
        }, {
          "replicaId" : 3,
          "location" : "172.18.0.6:9866",
          "storageId" : "DS-e6ea3630-3552-4bcd-823d-aad05e067c54",
          "storageType" : "DISK",
          "topologyPath" : "/default-rack/172.18.0.6:9866"
        } ]
      } ]
    }, {
      "file" : "HdfsLocatedFileStatus{path=hdfs://nodemaster:9000/tmp/hive/hadoop/dac88e67-c663-4298-b52e-2ca2ea186436/hive_2020-06-26_19-49-16_488_4209311522184192358-1/-mr-10004/000007_0; isDirectory=false; length=96; replication=3; blocksize=134217728; modification_time=1593201042366; access_time=1593201042100; owner=hadoop; group=supergroup; permission=rw-r--r--; isSymlink=false; hasAcl=false; isEncrypted=false; isErasureCoded=false}",
      "blockList" : [ {
        "blockId" : 0,
        "replicaList" : [ {
          "replicaId" : 1,
          "location" : "172.18.0.11:9866",
          "storageId" : "DS-f10bdeae-7ddc-4b9c-a673-0bc0a35e87a7",
          "storageType" : "DISK",
          "topologyPath" : "/default-rack/172.18.0.11:9866"
        }, {
          "replicaId" : 2,
          "location" : "172.18.0.3:9866",
          "storageId" : "DS-ce3ee9c6-b271-4604-8eed-6aa6bc320b3d",
          "storageType" : "DISK",
          "topologyPath" : "/default-rack/172.18.0.3:9866"
        }, {
          "replicaId" : 3,
          "location" : "172.18.0.9:9866",
          "storageId" : "DS-b452a2da-34e5-4561-9426-60afafb5755d",
          "storageType" : "DISK",
          "topologyPath" : "/default-rack/172.18.0.9:9866"
        } ]
      } ]
    }, {
      "file" : "HdfsLocatedFileStatus{path=hdfs://nodemaster:9000/tmp/hive/hadoop/dac88e67-c663-4298-b52e-2ca2ea186436/hive_2020-06-26_19-49-16_488_4209311522184192358-1/-mr-10004/000008_0; isDirectory=false; length=162; replication=3; blocksize=134217728; modification_time=1593201043943; access_time=1593201043818; owner=hadoop; group=supergroup; permission=rw-r--r--; isSymlink=false; hasAcl=false; isEncrypted=false; isErasureCoded=false}",
      "blockList" : [ {
        "blockId" : 0,
        "replicaList" : [ {
          "replicaId" : 1,
          "location" : "172.18.0.8:9866",
          "storageId" : "DS-4745e60f-3fbb-44ee-a211-336ab6a34ec2",
          "storageType" : "DISK",
          "topologyPath" : "/default-rack/172.18.0.8:9866"
        }, {
          "replicaId" : 2,
          "location" : "172.18.0.12:9866",
          "storageId" : "DS-23aa3d92-4b8e-4ed8-9343-d1fbcdb7985a",
          "storageType" : "DISK",
          "topologyPath" : "/default-rack/172.18.0.12:9866"
        }, {
          "replicaId" : 3,
          "location" : "172.18.0.6:9866",
          "storageId" : "DS-e6ea3630-3552-4bcd-823d-aad05e067c54",
          "storageType" : "DISK",
          "topologyPath" : "/default-rack/172.18.0.6:9866"
        } ]
      } ]
    }, {
      "file" : "HdfsLocatedFileStatus{path=hdfs://nodemaster:9000/tmp/hive/hadoop/dac88e67-c663-4298-b52e-2ca2ea186436/hive_2020-06-26_19-49-16_488_4209311522184192358-1/-mr-10004/000009_0; isDirectory=false; length=96; replication=3; blocksize=134217728; modification_time=1593201043846; access_time=1593201043739; owner=hadoop; group=supergroup; permission=rw-r--r--; isSymlink=false; hasAcl=false; isEncrypted=false; isErasureCoded=false}",
      "blockList" : [ {
        "blockId" : 0,
        "replicaList" : [ {
          "replicaId" : 1,
          "location" : "172.18.0.8:9866",
          "storageId" : "DS-4745e60f-3fbb-44ee-a211-336ab6a34ec2",
          "storageType" : "DISK",
          "topologyPath" : "/default-rack/172.18.0.8:9866"
        }, {
          "replicaId" : 2,
          "location" : "172.18.0.4:9866",
          "storageId" : "DS-bcb35d91-4542-488b-8c6c-3e2175a6a856",
          "storageType" : "DISK",
          "topologyPath" : "/default-rack/172.18.0.4:9866"
        }, {
          "replicaId" : 3,
          "location" : "172.18.0.11:9866",
          "storageId" : "DS-f10bdeae-7ddc-4b9c-a673-0bc0a35e87a7",
          "storageType" : "DISK",
          "topologyPath" : "/default-rack/172.18.0.11:9866"
        } ]
      } ]
    }, {
      "file" : "HdfsLocatedFileStatus{path=hdfs://nodemaster:9000/tmp/hive/hadoop/dac88e67-c663-4298-b52e-2ca2ea186436/hive_2020-06-26_19-49-16_488_4209311522184192358-1/-mr-10004/000010_0; isDirectory=false; length=96; replication=3; blocksize=134217728; modification_time=1593201043015; access_time=1593201042842; owner=hadoop; group=supergroup; permission=rw-r--r--; isSymlink=false; hasAcl=false; isEncrypted=false; isErasureCoded=false}",
      "blockList" : [ {
        "blockId" : 0,
        "replicaList" : [ {
          "replicaId" : 1,
          "location" : "172.18.0.10:9866",
          "storageId" : "DS-1f933f55-9a84-4557-b978-3df1c52b40cc",
          "storageType" : "DISK",
          "topologyPath" : "/default-rack/172.18.0.10:9866"
        }, {
          "replicaId" : 2,
          "location" : "172.18.0.8:9866",
          "storageId" : "DS-4745e60f-3fbb-44ee-a211-336ab6a34ec2",
          "storageType" : "DISK",
          "topologyPath" : "/default-rack/172.18.0.8:9866"
        }, {
          "replicaId" : 3,
          "location" : "172.18.0.7:9866",
          "storageId" : "DS-c593d964-0c47-46e2-b682-54f96b003b38",
          "storageType" : "DISK",
          "topologyPath" : "/default-rack/172.18.0.7:9866"
        } ]
      } ]
    }, {
      "file" : "HdfsLocatedFileStatus{path=hdfs://nodemaster:9000/tmp/hive/hadoop/dac88e67-c663-4298-b52e-2ca2ea186436/hive_2020-06-26_19-49-16_488_4209311522184192358-1/-mr-10004/000011_0; isDirectory=false; length=96; replication=3; blocksize=134217728; modification_time=1593201042729; access_time=1593201042507; owner=hadoop; group=supergroup; permission=rw-r--r--; isSymlink=false; hasAcl=false; isEncrypted=false; isErasureCoded=false}",
      "blockList" : [ {
        "blockId" : 0,
        "replicaList" : [ {
          "replicaId" : 1,
          "location" : "172.18.0.4:9866",
          "storageId" : "DS-bcb35d91-4542-488b-8c6c-3e2175a6a856",
          "storageType" : "DISK",
          "topologyPath" : "/default-rack/172.18.0.4:9866"
        }, {
          "replicaId" : 2,
          "location" : "172.18.0.5:9866",
          "storageId" : "DS-6091f375-bd25-4bc3-b100-022ed0e69cb1",
          "storageType" : "DISK",
          "topologyPath" : "/default-rack/172.18.0.5:9866"
        }, {
          "replicaId" : 3,
          "location" : "172.18.0.8:9866",
          "storageId" : "DS-4745e60f-3fbb-44ee-a211-336ab6a34ec2",
          "storageType" : "DISK",
          "topologyPath" : "/default-rack/172.18.0.8:9866"
        } ]
      } ]
    }, {
      "file" : "HdfsLocatedFileStatus{path=hdfs://nodemaster:9000/tmp/hive/hadoop/dac88e67-c663-4298-b52e-2ca2ea186436/hive_2020-06-26_19-49-16_488_4209311522184192358-1/-mr-10004/000012_0; isDirectory=false; length=96; replication=3; blocksize=134217728; modification_time=1593201043601; access_time=1593201043441; owner=hadoop; group=supergroup; permission=rw-r--r--; isSymlink=false; hasAcl=false; isEncrypted=false; isErasureCoded=false}",
      "blockList" : [ {
        "blockId" : 0,
        "replicaList" : [ {
          "replicaId" : 1,
          "location" : "172.18.0.12:9866",
          "storageId" : "DS-23aa3d92-4b8e-4ed8-9343-d1fbcdb7985a",
          "storageType" : "DISK",
          "topologyPath" : "/default-rack/172.18.0.12:9866"
        }, {
          "replicaId" : 2,
          "location" : "172.18.0.6:9866",
          "storageId" : "DS-e6ea3630-3552-4bcd-823d-aad05e067c54",
          "storageType" : "DISK",
          "topologyPath" : "/default-rack/172.18.0.6:9866"
        }, {
          "replicaId" : 3,
          "location" : "172.18.0.8:9866",
          "storageId" : "DS-4745e60f-3fbb-44ee-a211-336ab6a34ec2",
          "storageType" : "DISK",
          "topologyPath" : "/default-rack/172.18.0.8:9866"
        } ]
      } ]
    }, {
      "file" : "HdfsLocatedFileStatus{path=hdfs://nodemaster:9000/tmp/hive/hadoop/dac88e67-c663-4298-b52e-2ca2ea186436/hive_2020-06-26_19-49-16_488_4209311522184192358-1/-mr-10004/000013_0; isDirectory=false; length=96; replication=3; blocksize=134217728; modification_time=1593201044233; access_time=1593201044167; owner=hadoop; group=supergroup; permission=rw-r--r--; isSymlink=false; hasAcl=false; isEncrypted=false; isErasureCoded=false}",
      "blockList" : [ {
        "blockId" : 0,
        "replicaList" : [ {
          "replicaId" : 1,
          "location" : "172.18.0.10:9866",
          "storageId" : "DS-1f933f55-9a84-4557-b978-3df1c52b40cc",
          "storageType" : "DISK",
          "topologyPath" : "/default-rack/172.18.0.10:9866"
        }, {
          "replicaId" : 2,
          "location" : "172.18.0.12:9866",
          "storageId" : "DS-23aa3d92-4b8e-4ed8-9343-d1fbcdb7985a",
          "storageType" : "DISK",
          "topologyPath" : "/default-rack/172.18.0.12:9866"
        }, {
          "replicaId" : 3,
          "location" : "172.18.0.11:9866",
          "storageId" : "DS-f10bdeae-7ddc-4b9c-a673-0bc0a35e87a7",
          "storageType" : "DISK",
          "topologyPath" : "/default-rack/172.18.0.11:9866"
        } ]
      } ]
    }, {
      "file" : "HdfsLocatedFileStatus{path=hdfs://nodemaster:9000/tmp/hive/hadoop/dac88e67-c663-4298-b52e-2ca2ea186436/hive_2020-06-26_19-49-16_488_4209311522184192358-1/-mr-10004/000014_0; isDirectory=false; length=96; replication=3; blocksize=134217728; modification_time=1593201044073; access_time=1593201044014; owner=hadoop; group=supergroup; permission=rw-r--r--; isSymlink=false; hasAcl=false; isEncrypted=false; isErasureCoded=false}",
      "blockList" : [ {
        "blockId" : 0,
        "replicaList" : [ {
          "replicaId" : 1,
          "location" : "172.18.0.4:9866",
          "storageId" : "DS-bcb35d91-4542-488b-8c6c-3e2175a6a856",
          "storageType" : "DISK",
          "topologyPath" : "/default-rack/172.18.0.4:9866"
        }, {
          "replicaId" : 2,
          "location" : "172.18.0.6:9866",
          "storageId" : "DS-e6ea3630-3552-4bcd-823d-aad05e067c54",
          "storageType" : "DISK",
          "topologyPath" : "/default-rack/172.18.0.6:9866"
        }, {
          "replicaId" : 3,
          "location" : "172.18.0.9:9866",
          "storageId" : "DS-b452a2da-34e5-4561-9426-60afafb5755d",
          "storageType" : "DISK",
          "topologyPath" : "/default-rack/172.18.0.9:9866"
        } ]
      } ]
    }, {
      "file" : "HdfsLocatedFileStatus{path=hdfs://nodemaster:9000/tmp/hive/hadoop/dac88e67-c663-4298-b52e-2ca2ea186436/hive_2020-06-26_19-49-16_488_4209311522184192358-1/-mr-10004/000015_0; isDirectory=false; length=96; replication=3; blocksize=134217728; modification_time=1593201042897; access_time=1593201042685; owner=hadoop; group=supergroup; permission=rw-r--r--; isSymlink=false; hasAcl=false; isEncrypted=false; isErasureCoded=false}",
      "blockList" : [ {
        "blockId" : 0,
        "replicaList" : [ {
          "replicaId" : 1,
          "location" : "172.18.0.5:9866",
          "storageId" : "DS-6091f375-bd25-4bc3-b100-022ed0e69cb1",
          "storageType" : "DISK",
          "topologyPath" : "/default-rack/172.18.0.5:9866"
        }, {
          "replicaId" : 2,
          "location" : "172.18.0.6:9866",
          "storageId" : "DS-e6ea3630-3552-4bcd-823d-aad05e067c54",
          "storageType" : "DISK",
          "topologyPath" : "/default-rack/172.18.0.6:9866"
        }, {
          "replicaId" : 3,
          "location" : "172.18.0.10:9866",
          "storageId" : "DS-1f933f55-9a84-4557-b978-3df1c52b40cc",
          "storageType" : "DISK",
          "topologyPath" : "/default-rack/172.18.0.10:9866"
        } ]
      } ]
    } ]
  } ]
}