{
  "jobName" : "job_1593115633826_0072",
  "paths" : [ "hdfs://nodemaster:9000/tmp/hive/hadoop/dff838a1-2cc7-4bf9-8cd1-8ecd8d3ef258/hive_2020-06-25_20-53-10_391_8622227980343258171-1/-mr-10006" ],
  "locations" : [ "node4" ],
  "jobDataPaths" : [ {
    "path" : "hdfs://nodemaster:9000/tmp/hive/hadoop/dff838a1-2cc7-4bf9-8cd1-8ecd8d3ef258/hive_2020-06-25_20-53-10_391_8622227980343258171-1/-mr-10006",
    "filesList" : [ {
      "file" : "HdfsLocatedFileStatus{path=hdfs://nodemaster:9000/tmp/hive/hadoop/dff838a1-2cc7-4bf9-8cd1-8ecd8d3ef258/hive_2020-06-25_20-53-10_391_8622227980343258171-1/-mr-10006/000000_0; isDirectory=false; length=109024; replication=3; blocksize=134217728; modification_time=1593118557747; access_time=1593118557552; owner=hadoop; group=supergroup; permission=rw-r--r--; isSymlink=false; hasAcl=false; isEncrypted=false; isErasureCoded=false}",
      "blockList" : [ {
        "blockId" : 0,
        "replicaList" : [ {
          "replicaId" : 1,
          "location" : "172.18.0.6:9866",
          "storageId" : "DS-510f936c-71ef-4876-b5f2-3cf96b4fbb3d",
          "storageType" : "DISK",
          "topologyPath" : "/default-rack/172.18.0.6:9866"
        }, {
          "replicaId" : 2,
          "location" : "172.18.0.5:9866",
          "storageId" : "DS-549d54c8-ddaa-479a-a1c5-7761e6926c22",
          "storageType" : "DISK",
          "topologyPath" : "/default-rack/172.18.0.5:9866"
        }, {
          "replicaId" : 3,
          "location" : "172.18.0.10:9866",
          "storageId" : "DS-51bc4e0b-7688-4fed-b582-5ceb97621812",
          "storageType" : "DISK",
          "topologyPath" : "/default-rack/172.18.0.10:9866"
        } ]
      } ]
    } ]
  } ]
}