{
  "jobName" : "job_1593290710710_0092",
  "paths" : [ "hdfs://nodemaster:9000/tmp/hive/hadoop/282004b9-13e8-40af-a9db-5df4492a24c8/hive_2020-06-27_22-03-01_987_674502561591873981-1/-mr-10005" ],
  "locations" : [ "node4" ],
  "jobDataPaths" : [ {
    "path" : "hdfs://nodemaster:9000/tmp/hive/hadoop/282004b9-13e8-40af-a9db-5df4492a24c8/hive_2020-06-27_22-03-01_987_674502561591873981-1/-mr-10005",
    "filesList" : [ {
      "file" : "HdfsLocatedFileStatus{path=hdfs://nodemaster:9000/tmp/hive/hadoop/282004b9-13e8-40af-a9db-5df4492a24c8/hive_2020-06-27_22-03-01_987_674502561591873981-1/-mr-10005/000000_0; isDirectory=false; length=243; replication=3; blocksize=134217728; modification_time=1593295512317; access_time=1593295512248; owner=hadoop; group=supergroup; permission=rw-r--r--; isSymlink=false; hasAcl=false; isEncrypted=false; isErasureCoded=false}",
      "blockList" : [ {
        "blockId" : 0,
        "replicaList" : [ {
          "replicaId" : 1,
          "location" : "172.18.0.5:9866",
          "storageId" : "DS-a1ff18c6-fbd0-4e6a-9bb0-3734720c263c",
          "storageType" : "DISK",
          "topologyPath" : "/default-rack/172.18.0.5:9866"
        }, {
          "replicaId" : 2,
          "location" : "172.18.0.3:9866",
          "storageId" : "DS-f654c918-ed27-4a0b-adde-225680fca75e",
          "storageType" : "DISK",
          "topologyPath" : "/default-rack/172.18.0.3:9866"
        }, {
          "replicaId" : 3,
          "location" : "172.18.0.6:9866",
          "storageId" : "DS-620ce234-90b2-4333-86ca-a20de1cf9d2f",
          "storageType" : "DISK",
          "topologyPath" : "/default-rack/172.18.0.6:9866"
        } ]
      } ]
    } ]
  } ]
}