{
  "jobName" : "job_1593381723832_0102",
  "paths" : [ "hdfs://nodemaster:9000/tmp/hive/hadoop/06622e82-ad18-47ea-8657-d787ed6aeec8/hive_2020-06-28_23-22-08_973_1713414812539086697-1/-mr-10007" ],
  "locations" : [ "node4" ],
  "jobDataPaths" : [ {
    "path" : "hdfs://nodemaster:9000/tmp/hive/hadoop/06622e82-ad18-47ea-8657-d787ed6aeec8/hive_2020-06-28_23-22-08_973_1713414812539086697-1/-mr-10007",
    "filesList" : [ {
      "file" : "HdfsLocatedFileStatus{path=hdfs://nodemaster:9000/tmp/hive/hadoop/06622e82-ad18-47ea-8657-d787ed6aeec8/hive_2020-06-28_23-22-08_973_1713414812539086697-1/-mr-10007/000000_0; isDirectory=false; length=254; replication=3; blocksize=134217728; modification_time=1593386773305; access_time=1593386773243; owner=hadoop; group=supergroup; permission=rw-r--r--; isSymlink=false; hasAcl=false; isEncrypted=false; isErasureCoded=false}",
      "blockList" : [ {
        "blockId" : 0,
        "replicaList" : [ {
          "replicaId" : 1,
          "location" : "172.18.0.5:9866",
          "storageId" : "DS-568b90ef-d59e-4989-ad17-9089347b1d55",
          "storageType" : "DISK",
          "topologyPath" : "/default-rack/172.18.0.5:9866"
        }, {
          "replicaId" : 2,
          "location" : "172.18.0.12:9866",
          "storageId" : "DS-ff5d08e5-4f1c-44ee-ac01-eed086fb44f3",
          "storageType" : "DISK",
          "topologyPath" : "/default-rack/172.18.0.12:9866"
        }, {
          "replicaId" : 3,
          "location" : "172.18.0.9:9866",
          "storageId" : "DS-a4351ae1-b2f3-4472-92cb-7375e39399b7",
          "storageType" : "DISK",
          "topologyPath" : "/default-rack/172.18.0.9:9866"
        } ]
      } ]
    } ]
  } ]
}