{
  "jobName" : "job_1593381723832_0101",
  "paths" : [ "hdfs://nodemaster:9000/tmp/hive/hadoop/06622e82-ad18-47ea-8657-d787ed6aeec8/hive_2020-06-28_23-22-08_973_1713414812539086697-1/-mr-10006" ],
  "locations" : [ "node11" ],
  "jobDataPaths" : [ {
    "path" : "hdfs://nodemaster:9000/tmp/hive/hadoop/06622e82-ad18-47ea-8657-d787ed6aeec8/hive_2020-06-28_23-22-08_973_1713414812539086697-1/-mr-10006",
    "filesList" : [ {
      "file" : "HdfsLocatedFileStatus{path=hdfs://nodemaster:9000/tmp/hive/hadoop/06622e82-ad18-47ea-8657-d787ed6aeec8/hive_2020-06-28_23-22-08_973_1713414812539086697-1/-mr-10006/000000_0; isDirectory=false; length=254; replication=3; blocksize=134217728; modification_time=1593386750758; access_time=1593386750696; owner=hadoop; group=supergroup; permission=rw-r--r--; isSymlink=false; hasAcl=false; isEncrypted=false; isErasureCoded=false}",
      "blockList" : [ {
        "blockId" : 0,
        "replicaList" : [ {
          "replicaId" : 1,
          "location" : "172.18.0.10:9866",
          "storageId" : "DS-ea63fcef-5705-488a-93d5-dad11ece7d18",
          "storageType" : "DISK",
          "topologyPath" : "/default-rack/172.18.0.10:9866"
        }, {
          "replicaId" : 2,
          "location" : "172.18.0.7:9866",
          "storageId" : "DS-b6eba1a6-4edb-45d0-9fa5-f146a0a0ca76",
          "storageType" : "DISK",
          "topologyPath" : "/default-rack/172.18.0.7:9866"
        }, {
          "replicaId" : 3,
          "location" : "172.18.0.12:9866",
          "storageId" : "DS-ff5d08e5-4f1c-44ee-ac01-eed086fb44f3",
          "storageType" : "DISK",
          "topologyPath" : "/default-rack/172.18.0.12:9866"
        } ]
      } ]
    } ]
  } ]
}