{
  "jobName" : "job_1593200024087_0047",
  "paths" : [ "hdfs://nodemaster:9000/tmp/hive/hadoop/50395df2-562a-4817-a363-c19a19d93dd1/hive_2020-06-26_20-14-38_169_8272494927531108584-1/-mr-10010" ],
  "locations" : [ "node11" ],
  "jobDataPaths" : [ {
    "path" : "hdfs://nodemaster:9000/tmp/hive/hadoop/50395df2-562a-4817-a363-c19a19d93dd1/hive_2020-06-26_20-14-38_169_8272494927531108584-1/-mr-10010",
    "filesList" : [ {
      "file" : "HdfsLocatedFileStatus{path=hdfs://nodemaster:9000/tmp/hive/hadoop/50395df2-562a-4817-a363-c19a19d93dd1/hive_2020-06-26_20-14-38_169_8272494927531108584-1/-mr-10010/000000_0; isDirectory=false; length=14636505; replication=3; blocksize=134217728; modification_time=1593202649478; access_time=1593202648754; owner=hadoop; group=supergroup; permission=rw-r--r--; isSymlink=false; hasAcl=false; isEncrypted=false; isErasureCoded=false}",
      "blockList" : [ {
        "blockId" : 0,
        "replicaList" : [ {
          "replicaId" : 1,
          "location" : "172.18.0.10:9866",
          "storageId" : "DS-1f933f55-9a84-4557-b978-3df1c52b40cc",
          "storageType" : "DISK",
          "topologyPath" : "/default-rack/172.18.0.10:9866"
        }, {
          "replicaId" : 2,
          "location" : "172.18.0.9:9866",
          "storageId" : "DS-b452a2da-34e5-4561-9426-60afafb5755d",
          "storageType" : "DISK",
          "topologyPath" : "/default-rack/172.18.0.9:9866"
        }, {
          "replicaId" : 3,
          "location" : "172.18.0.12:9866",
          "storageId" : "DS-23aa3d92-4b8e-4ed8-9343-d1fbcdb7985a",
          "storageType" : "DISK",
          "topologyPath" : "/default-rack/172.18.0.12:9866"
        } ]
      } ]
    } ]
  } ]
}