{
  "jobName" : "job_1593200024087_0048",
  "paths" : [ "hdfs://nodemaster:9000/tmp/hive/hadoop/50395df2-562a-4817-a363-c19a19d93dd1/hive_2020-06-26_20-14-38_169_8272494927531108584-1/-mr-10007", "hdfs://nodemaster:9000/tmp/hive/hadoop/50395df2-562a-4817-a363-c19a19d93dd1/hive_2020-06-26_20-14-38_169_8272494927531108584-1/-mr-10011" ],
  "locations" : [ "node5", "node11", "node10" ],
  "jobDataPaths" : [ {
    "path" : "hdfs://nodemaster:9000/tmp/hive/hadoop/50395df2-562a-4817-a363-c19a19d93dd1/hive_2020-06-26_20-14-38_169_8272494927531108584-1/-mr-10007",
    "filesList" : [ {
      "file" : "HdfsLocatedFileStatus{path=hdfs://nodemaster:9000/tmp/hive/hadoop/50395df2-562a-4817-a363-c19a19d93dd1/hive_2020-06-26_20-14-38_169_8272494927531108584-1/-mr-10007/000000_0; isDirectory=false; length=230072; replication=3; blocksize=134217728; modification_time=1593202533381; access_time=1593202531409; owner=hadoop; group=supergroup; permission=rw-r--r--; isSymlink=false; hasAcl=false; isEncrypted=false; isErasureCoded=false}",
      "blockList" : [ {
        "blockId" : 0,
        "replicaList" : [ {
          "replicaId" : 1,
          "location" : "172.18.0.12:9866",
          "storageId" : "DS-23aa3d92-4b8e-4ed8-9343-d1fbcdb7985a",
          "storageType" : "DISK",
          "topologyPath" : "/default-rack/172.18.0.12:9866"
        }, {
          "replicaId" : 2,
          "location" : "172.18.0.3:9866",
          "storageId" : "DS-ce3ee9c6-b271-4604-8eed-6aa6bc320b3d",
          "storageType" : "DISK",
          "topologyPath" : "/default-rack/172.18.0.3:9866"
        }, {
          "replicaId" : 3,
          "location" : "172.18.0.8:9866",
          "storageId" : "DS-4745e60f-3fbb-44ee-a211-336ab6a34ec2",
          "storageType" : "DISK",
          "topologyPath" : "/default-rack/172.18.0.8:9866"
        } ]
      } ]
    }, {
      "file" : "HdfsLocatedFileStatus{path=hdfs://nodemaster:9000/tmp/hive/hadoop/50395df2-562a-4817-a363-c19a19d93dd1/hive_2020-06-26_20-14-38_169_8272494927531108584-1/-mr-10007/000001_0; isDirectory=false; length=230580; replication=3; blocksize=134217728; modification_time=1593202533194; access_time=1593202530953; owner=hadoop; group=supergroup; permission=rw-r--r--; isSymlink=false; hasAcl=false; isEncrypted=false; isErasureCoded=false}",
      "blockList" : [ {
        "blockId" : 0,
        "replicaList" : [ {
          "replicaId" : 1,
          "location" : "172.18.0.12:9866",
          "storageId" : "DS-23aa3d92-4b8e-4ed8-9343-d1fbcdb7985a",
          "storageType" : "DISK",
          "topologyPath" : "/default-rack/172.18.0.12:9866"
        }, {
          "replicaId" : 2,
          "location" : "172.18.0.6:9866",
          "storageId" : "DS-e6ea3630-3552-4bcd-823d-aad05e067c54",
          "storageType" : "DISK",
          "topologyPath" : "/default-rack/172.18.0.6:9866"
        }, {
          "replicaId" : 3,
          "location" : "172.18.0.4:9866",
          "storageId" : "DS-bcb35d91-4542-488b-8c6c-3e2175a6a856",
          "storageType" : "DISK",
          "topologyPath" : "/default-rack/172.18.0.4:9866"
        } ]
      } ]
    }, {
      "file" : "HdfsLocatedFileStatus{path=hdfs://nodemaster:9000/tmp/hive/hadoop/50395df2-562a-4817-a363-c19a19d93dd1/hive_2020-06-26_20-14-38_169_8272494927531108584-1/-mr-10007/000002_0; isDirectory=false; length=234533; replication=3; blocksize=134217728; modification_time=1593202533215; access_time=1593202531219; owner=hadoop; group=supergroup; permission=rw-r--r--; isSymlink=false; hasAcl=false; isEncrypted=false; isErasureCoded=false}",
      "blockList" : [ {
        "blockId" : 0,
        "replicaList" : [ {
          "replicaId" : 1,
          "location" : "172.18.0.6:9866",
          "storageId" : "DS-e6ea3630-3552-4bcd-823d-aad05e067c54",
          "storageType" : "DISK",
          "topologyPath" : "/default-rack/172.18.0.6:9866"
        }, {
          "replicaId" : 2,
          "location" : "172.18.0.11:9866",
          "storageId" : "DS-f10bdeae-7ddc-4b9c-a673-0bc0a35e87a7",
          "storageType" : "DISK",
          "topologyPath" : "/default-rack/172.18.0.11:9866"
        }, {
          "replicaId" : 3,
          "location" : "172.18.0.7:9866",
          "storageId" : "DS-c593d964-0c47-46e2-b682-54f96b003b38",
          "storageType" : "DISK",
          "topologyPath" : "/default-rack/172.18.0.7:9866"
        } ]
      } ]
    } ]
  }, {
    "path" : "hdfs://nodemaster:9000/tmp/hive/hadoop/50395df2-562a-4817-a363-c19a19d93dd1/hive_2020-06-26_20-14-38_169_8272494927531108584-1/-mr-10011",
    "filesList" : [ {
      "file" : "HdfsLocatedFileStatus{path=hdfs://nodemaster:9000/tmp/hive/hadoop/50395df2-562a-4817-a363-c19a19d93dd1/hive_2020-06-26_20-14-38_169_8272494927531108584-1/-mr-10011/000000_0; isDirectory=false; length=14636505; replication=3; blocksize=134217728; modification_time=1593202677148; access_time=1593202675759; owner=hadoop; group=supergroup; permission=rw-r--r--; isSymlink=false; hasAcl=false; isEncrypted=false; isErasureCoded=false}",
      "blockList" : [ {
        "blockId" : 0,
        "replicaList" : [ {
          "replicaId" : 1,
          "location" : "172.18.0.3:9866",
          "storageId" : "DS-ce3ee9c6-b271-4604-8eed-6aa6bc320b3d",
          "storageType" : "DISK",
          "topologyPath" : "/default-rack/172.18.0.3:9866"
        }, {
          "replicaId" : 2,
          "location" : "172.18.0.11:9866",
          "storageId" : "DS-f10bdeae-7ddc-4b9c-a673-0bc0a35e87a7",
          "storageType" : "DISK",
          "topologyPath" : "/default-rack/172.18.0.11:9866"
        }, {
          "replicaId" : 3,
          "location" : "172.18.0.8:9866",
          "storageId" : "DS-4745e60f-3fbb-44ee-a211-336ab6a34ec2",
          "storageType" : "DISK",
          "topologyPath" : "/default-rack/172.18.0.8:9866"
        } ]
      } ]
    } ]
  } ]
}