{
  "jobName" : "job_1593115633826_0067",
  "paths" : [ "hdfs://nodemaster:9000/tmp/hive/hadoop/24481084-5660-420d-b7a2-046f1d4b2b44/hive_2020-06-25_20-49-40_418_5192029522613620137-1/-mr-10005" ],
  "locations" : [ "node4", "node5", "node10", "node11", "node2", "node3" ],
  "jobDataPaths" : [ {
    "path" : "hdfs://nodemaster:9000/tmp/hive/hadoop/24481084-5660-420d-b7a2-046f1d4b2b44/hive_2020-06-25_20-49-40_418_5192029522613620137-1/-mr-10005",
    "filesList" : [ {
      "file" : "HdfsLocatedFileStatus{path=hdfs://nodemaster:9000/tmp/hive/hadoop/24481084-5660-420d-b7a2-046f1d4b2b44/hive_2020-06-25_20-49-40_418_5192029522613620137-1/-mr-10005/000000_0; isDirectory=false; length=14010; replication=3; blocksize=134217728; modification_time=1593118315199; access_time=1593118314764; owner=hadoop; group=supergroup; permission=rw-r--r--; isSymlink=false; hasAcl=false; isEncrypted=false; isErasureCoded=false}",
      "blockList" : [ {
        "blockId" : 0,
        "replicaList" : [ {
          "replicaId" : 1,
          "location" : "172.18.0.12:9866",
          "storageId" : "DS-d4f5f58a-aa85-428a-a155-ee1f4876f03e",
          "storageType" : "DISK",
          "topologyPath" : "/default-rack/172.18.0.12:9866"
        }, {
          "replicaId" : 2,
          "location" : "172.18.0.10:9866",
          "storageId" : "DS-51bc4e0b-7688-4fed-b582-5ceb97621812",
          "storageType" : "DISK",
          "topologyPath" : "/default-rack/172.18.0.10:9866"
        }, {
          "replicaId" : 3,
          "location" : "172.18.0.4:9866",
          "storageId" : "DS-9ec31762-7ca3-4ec0-b265-6ff0b16012c4",
          "storageType" : "DISK",
          "topologyPath" : "/default-rack/172.18.0.4:9866"
        } ]
      } ]
    }, {
      "file" : "HdfsLocatedFileStatus{path=hdfs://nodemaster:9000/tmp/hive/hadoop/24481084-5660-420d-b7a2-046f1d4b2b44/hive_2020-06-25_20-49-40_418_5192029522613620137-1/-mr-10005/000001_0; isDirectory=false; length=13756; replication=3; blocksize=134217728; modification_time=1593118316745; access_time=1593118316426; owner=hadoop; group=supergroup; permission=rw-r--r--; isSymlink=false; hasAcl=false; isEncrypted=false; isErasureCoded=false}",
      "blockList" : [ {
        "blockId" : 0,
        "replicaList" : [ {
          "replicaId" : 1,
          "location" : "172.18.0.3:9866",
          "storageId" : "DS-fa820258-52aa-46ac-b72c-ad92c390b528",
          "storageType" : "DISK",
          "topologyPath" : "/default-rack/172.18.0.3:9866"
        }, {
          "replicaId" : 2,
          "location" : "172.18.0.8:9866",
          "storageId" : "DS-794683da-48f9-47cb-80d5-f83b99913a0b",
          "storageType" : "DISK",
          "topologyPath" : "/default-rack/172.18.0.8:9866"
        }, {
          "replicaId" : 3,
          "location" : "172.18.0.9:9866",
          "storageId" : "DS-2f67b030-401b-46ab-a992-33e160d7dab0",
          "storageType" : "DISK",
          "topologyPath" : "/default-rack/172.18.0.9:9866"
        } ]
      } ]
    }, {
      "file" : "HdfsLocatedFileStatus{path=hdfs://nodemaster:9000/tmp/hive/hadoop/24481084-5660-420d-b7a2-046f1d4b2b44/hive_2020-06-25_20-49-40_418_5192029522613620137-1/-mr-10005/000002_0; isDirectory=false; length=13997; replication=3; blocksize=134217728; modification_time=1593118316723; access_time=1593118316436; owner=hadoop; group=supergroup; permission=rw-r--r--; isSymlink=false; hasAcl=false; isEncrypted=false; isErasureCoded=false}",
      "blockList" : [ {
        "blockId" : 0,
        "replicaList" : [ {
          "replicaId" : 1,
          "location" : "172.18.0.6:9866",
          "storageId" : "DS-510f936c-71ef-4876-b5f2-3cf96b4fbb3d",
          "storageType" : "DISK",
          "topologyPath" : "/default-rack/172.18.0.6:9866"
        }, {
          "replicaId" : 2,
          "location" : "172.18.0.10:9866",
          "storageId" : "DS-51bc4e0b-7688-4fed-b582-5ceb97621812",
          "storageType" : "DISK",
          "topologyPath" : "/default-rack/172.18.0.10:9866"
        }, {
          "replicaId" : 3,
          "location" : "172.18.0.8:9866",
          "storageId" : "DS-794683da-48f9-47cb-80d5-f83b99913a0b",
          "storageType" : "DISK",
          "topologyPath" : "/default-rack/172.18.0.8:9866"
        } ]
      } ]
    }, {
      "file" : "HdfsLocatedFileStatus{path=hdfs://nodemaster:9000/tmp/hive/hadoop/24481084-5660-420d-b7a2-046f1d4b2b44/hive_2020-06-25_20-49-40_418_5192029522613620137-1/-mr-10005/000003_0; isDirectory=false; length=14563; replication=3; blocksize=134217728; modification_time=1593118314758; access_time=1593118314304; owner=hadoop; group=supergroup; permission=rw-r--r--; isSymlink=false; hasAcl=false; isEncrypted=false; isErasureCoded=false}",
      "blockList" : [ {
        "blockId" : 0,
        "replicaList" : [ {
          "replicaId" : 1,
          "location" : "172.18.0.11:9866",
          "storageId" : "DS-efbcd717-8ac4-420f-b69d-86268e701d33",
          "storageType" : "DISK",
          "topologyPath" : "/default-rack/172.18.0.11:9866"
        }, {
          "replicaId" : 2,
          "location" : "172.18.0.12:9866",
          "storageId" : "DS-d4f5f58a-aa85-428a-a155-ee1f4876f03e",
          "storageType" : "DISK",
          "topologyPath" : "/default-rack/172.18.0.12:9866"
        }, {
          "replicaId" : 3,
          "location" : "172.18.0.4:9866",
          "storageId" : "DS-9ec31762-7ca3-4ec0-b265-6ff0b16012c4",
          "storageType" : "DISK",
          "topologyPath" : "/default-rack/172.18.0.4:9866"
        } ]
      } ]
    }, {
      "file" : "HdfsLocatedFileStatus{path=hdfs://nodemaster:9000/tmp/hive/hadoop/24481084-5660-420d-b7a2-046f1d4b2b44/hive_2020-06-25_20-49-40_418_5192029522613620137-1/-mr-10005/000004_0; isDirectory=false; length=13745; replication=3; blocksize=134217728; modification_time=1593118320736; access_time=1593118320506; owner=hadoop; group=supergroup; permission=rw-r--r--; isSymlink=false; hasAcl=false; isEncrypted=false; isErasureCoded=false}",
      "blockList" : [ {
        "blockId" : 0,
        "replicaList" : [ {
          "replicaId" : 1,
          "location" : "172.18.0.12:9866",
          "storageId" : "DS-d4f5f58a-aa85-428a-a155-ee1f4876f03e",
          "storageType" : "DISK",
          "topologyPath" : "/default-rack/172.18.0.12:9866"
        }, {
          "replicaId" : 2,
          "location" : "172.18.0.11:9866",
          "storageId" : "DS-efbcd717-8ac4-420f-b69d-86268e701d33",
          "storageType" : "DISK",
          "topologyPath" : "/default-rack/172.18.0.11:9866"
        }, {
          "replicaId" : 3,
          "location" : "172.18.0.9:9866",
          "storageId" : "DS-2f67b030-401b-46ab-a992-33e160d7dab0",
          "storageType" : "DISK",
          "topologyPath" : "/default-rack/172.18.0.9:9866"
        } ]
      } ]
    }, {
      "file" : "HdfsLocatedFileStatus{path=hdfs://nodemaster:9000/tmp/hive/hadoop/24481084-5660-420d-b7a2-046f1d4b2b44/hive_2020-06-25_20-49-40_418_5192029522613620137-1/-mr-10005/000005_0; isDirectory=false; length=13500; replication=3; blocksize=134217728; modification_time=1593118320445; access_time=1593118320299; owner=hadoop; group=supergroup; permission=rw-r--r--; isSymlink=false; hasAcl=false; isEncrypted=false; isErasureCoded=false}",
      "blockList" : [ {
        "blockId" : 0,
        "replicaList" : [ {
          "replicaId" : 1,
          "location" : "172.18.0.6:9866",
          "storageId" : "DS-510f936c-71ef-4876-b5f2-3cf96b4fbb3d",
          "storageType" : "DISK",
          "topologyPath" : "/default-rack/172.18.0.6:9866"
        }, {
          "replicaId" : 2,
          "location" : "172.18.0.8:9866",
          "storageId" : "DS-794683da-48f9-47cb-80d5-f83b99913a0b",
          "storageType" : "DISK",
          "topologyPath" : "/default-rack/172.18.0.8:9866"
        }, {
          "replicaId" : 3,
          "location" : "172.18.0.9:9866",
          "storageId" : "DS-2f67b030-401b-46ab-a992-33e160d7dab0",
          "storageType" : "DISK",
          "topologyPath" : "/default-rack/172.18.0.9:9866"
        } ]
      } ]
    }, {
      "file" : "HdfsLocatedFileStatus{path=hdfs://nodemaster:9000/tmp/hive/hadoop/24481084-5660-420d-b7a2-046f1d4b2b44/hive_2020-06-25_20-49-40_418_5192029522613620137-1/-mr-10005/000006_0; isDirectory=false; length=13148; replication=3; blocksize=134217728; modification_time=1593118317726; access_time=1593118317445; owner=hadoop; group=supergroup; permission=rw-r--r--; isSymlink=false; hasAcl=false; isEncrypted=false; isErasureCoded=false}",
      "blockList" : [ {
        "blockId" : 0,
        "replicaList" : [ {
          "replicaId" : 1,
          "location" : "172.18.0.7:9866",
          "storageId" : "DS-59b638d8-2e96-4a0b-b1f4-27e72579b7c8",
          "storageType" : "DISK",
          "topologyPath" : "/default-rack/172.18.0.7:9866"
        }, {
          "replicaId" : 2,
          "location" : "172.18.0.3:9866",
          "storageId" : "DS-fa820258-52aa-46ac-b72c-ad92c390b528",
          "storageType" : "DISK",
          "topologyPath" : "/default-rack/172.18.0.3:9866"
        }, {
          "replicaId" : 3,
          "location" : "172.18.0.8:9866",
          "storageId" : "DS-794683da-48f9-47cb-80d5-f83b99913a0b",
          "storageType" : "DISK",
          "topologyPath" : "/default-rack/172.18.0.8:9866"
        } ]
      } ]
    }, {
      "file" : "HdfsLocatedFileStatus{path=hdfs://nodemaster:9000/tmp/hive/hadoop/24481084-5660-420d-b7a2-046f1d4b2b44/hive_2020-06-25_20-49-40_418_5192029522613620137-1/-mr-10005/000007_0; isDirectory=false; length=12957; replication=3; blocksize=134217728; modification_time=1593118318507; access_time=1593118318231; owner=hadoop; group=supergroup; permission=rw-r--r--; isSymlink=false; hasAcl=false; isEncrypted=false; isErasureCoded=false}",
      "blockList" : [ {
        "blockId" : 0,
        "replicaList" : [ {
          "replicaId" : 1,
          "location" : "172.18.0.7:9866",
          "storageId" : "DS-59b638d8-2e96-4a0b-b1f4-27e72579b7c8",
          "storageType" : "DISK",
          "topologyPath" : "/default-rack/172.18.0.7:9866"
        }, {
          "replicaId" : 2,
          "location" : "172.18.0.6:9866",
          "storageId" : "DS-510f936c-71ef-4876-b5f2-3cf96b4fbb3d",
          "storageType" : "DISK",
          "topologyPath" : "/default-rack/172.18.0.6:9866"
        }, {
          "replicaId" : 3,
          "location" : "172.18.0.3:9866",
          "storageId" : "DS-fa820258-52aa-46ac-b72c-ad92c390b528",
          "storageType" : "DISK",
          "topologyPath" : "/default-rack/172.18.0.3:9866"
        } ]
      } ]
    }, {
      "file" : "HdfsLocatedFileStatus{path=hdfs://nodemaster:9000/tmp/hive/hadoop/24481084-5660-420d-b7a2-046f1d4b2b44/hive_2020-06-25_20-49-40_418_5192029522613620137-1/-mr-10005/000008_0; isDirectory=false; length=96; replication=3; blocksize=134217728; modification_time=1593118320370; access_time=1593118320162; owner=hadoop; group=supergroup; permission=rw-r--r--; isSymlink=false; hasAcl=false; isEncrypted=false; isErasureCoded=false}",
      "blockList" : [ {
        "blockId" : 0,
        "replicaList" : [ {
          "replicaId" : 1,
          "location" : "172.18.0.8:9866",
          "storageId" : "DS-794683da-48f9-47cb-80d5-f83b99913a0b",
          "storageType" : "DISK",
          "topologyPath" : "/default-rack/172.18.0.8:9866"
        }, {
          "replicaId" : 2,
          "location" : "172.18.0.4:9866",
          "storageId" : "DS-9ec31762-7ca3-4ec0-b265-6ff0b16012c4",
          "storageType" : "DISK",
          "topologyPath" : "/default-rack/172.18.0.4:9866"
        }, {
          "replicaId" : 3,
          "location" : "172.18.0.7:9866",
          "storageId" : "DS-59b638d8-2e96-4a0b-b1f4-27e72579b7c8",
          "storageType" : "DISK",
          "topologyPath" : "/default-rack/172.18.0.7:9866"
        } ]
      } ]
    }, {
      "file" : "HdfsLocatedFileStatus{path=hdfs://nodemaster:9000/tmp/hive/hadoop/24481084-5660-420d-b7a2-046f1d4b2b44/hive_2020-06-25_20-49-40_418_5192029522613620137-1/-mr-10005/000009_0; isDirectory=false; length=96; replication=3; blocksize=134217728; modification_time=1593118310796; access_time=1593118310637; owner=hadoop; group=supergroup; permission=rw-r--r--; isSymlink=false; hasAcl=false; isEncrypted=false; isErasureCoded=false}",
      "blockList" : [ {
        "blockId" : 0,
        "replicaList" : [ {
          "replicaId" : 1,
          "location" : "172.18.0.10:9866",
          "storageId" : "DS-51bc4e0b-7688-4fed-b582-5ceb97621812",
          "storageType" : "DISK",
          "topologyPath" : "/default-rack/172.18.0.10:9866"
        }, {
          "replicaId" : 2,
          "location" : "172.18.0.3:9866",
          "storageId" : "DS-fa820258-52aa-46ac-b72c-ad92c390b528",
          "storageType" : "DISK",
          "topologyPath" : "/default-rack/172.18.0.3:9866"
        }, {
          "replicaId" : 3,
          "location" : "172.18.0.5:9866",
          "storageId" : "DS-549d54c8-ddaa-479a-a1c5-7761e6926c22",
          "storageType" : "DISK",
          "topologyPath" : "/default-rack/172.18.0.5:9866"
        } ]
      } ]
    }, {
      "file" : "HdfsLocatedFileStatus{path=hdfs://nodemaster:9000/tmp/hive/hadoop/24481084-5660-420d-b7a2-046f1d4b2b44/hive_2020-06-25_20-49-40_418_5192029522613620137-1/-mr-10005/000010_0; isDirectory=false; length=96; replication=3; blocksize=134217728; modification_time=1593118320900; access_time=1593118320803; owner=hadoop; group=supergroup; permission=rw-r--r--; isSymlink=false; hasAcl=false; isEncrypted=false; isErasureCoded=false}",
      "blockList" : [ {
        "blockId" : 0,
        "replicaList" : [ {
          "replicaId" : 1,
          "location" : "172.18.0.4:9866",
          "storageId" : "DS-9ec31762-7ca3-4ec0-b265-6ff0b16012c4",
          "storageType" : "DISK",
          "topologyPath" : "/default-rack/172.18.0.4:9866"
        }, {
          "replicaId" : 2,
          "location" : "172.18.0.6:9866",
          "storageId" : "DS-510f936c-71ef-4876-b5f2-3cf96b4fbb3d",
          "storageType" : "DISK",
          "topologyPath" : "/default-rack/172.18.0.6:9866"
        }, {
          "replicaId" : 3,
          "location" : "172.18.0.3:9866",
          "storageId" : "DS-fa820258-52aa-46ac-b72c-ad92c390b528",
          "storageType" : "DISK",
          "topologyPath" : "/default-rack/172.18.0.3:9866"
        } ]
      } ]
    }, {
      "file" : "HdfsLocatedFileStatus{path=hdfs://nodemaster:9000/tmp/hive/hadoop/24481084-5660-420d-b7a2-046f1d4b2b44/hive_2020-06-25_20-49-40_418_5192029522613620137-1/-mr-10005/000011_0; isDirectory=false; length=96; replication=3; blocksize=134217728; modification_time=1593118321361; access_time=1593118321294; owner=hadoop; group=supergroup; permission=rw-r--r--; isSymlink=false; hasAcl=false; isEncrypted=false; isErasureCoded=false}",
      "blockList" : [ {
        "blockId" : 0,
        "replicaList" : [ {
          "replicaId" : 1,
          "location" : "172.18.0.7:9866",
          "storageId" : "DS-59b638d8-2e96-4a0b-b1f4-27e72579b7c8",
          "storageType" : "DISK",
          "topologyPath" : "/default-rack/172.18.0.7:9866"
        }, {
          "replicaId" : 2,
          "location" : "172.18.0.11:9866",
          "storageId" : "DS-efbcd717-8ac4-420f-b69d-86268e701d33",
          "storageType" : "DISK",
          "topologyPath" : "/default-rack/172.18.0.11:9866"
        }, {
          "replicaId" : 3,
          "location" : "172.18.0.9:9866",
          "storageId" : "DS-2f67b030-401b-46ab-a992-33e160d7dab0",
          "storageType" : "DISK",
          "topologyPath" : "/default-rack/172.18.0.9:9866"
        } ]
      } ]
    }, {
      "file" : "HdfsLocatedFileStatus{path=hdfs://nodemaster:9000/tmp/hive/hadoop/24481084-5660-420d-b7a2-046f1d4b2b44/hive_2020-06-25_20-49-40_418_5192029522613620137-1/-mr-10005/000012_0; isDirectory=false; length=96; replication=3; blocksize=134217728; modification_time=1593118321370; access_time=1593118321294; owner=hadoop; group=supergroup; permission=rw-r--r--; isSymlink=false; hasAcl=false; isEncrypted=false; isErasureCoded=false}",
      "blockList" : [ {
        "blockId" : 0,
        "replicaList" : [ {
          "replicaId" : 1,
          "location" : "172.18.0.8:9866",
          "storageId" : "DS-794683da-48f9-47cb-80d5-f83b99913a0b",
          "storageType" : "DISK",
          "topologyPath" : "/default-rack/172.18.0.8:9866"
        }, {
          "replicaId" : 2,
          "location" : "172.18.0.4:9866",
          "storageId" : "DS-9ec31762-7ca3-4ec0-b265-6ff0b16012c4",
          "storageType" : "DISK",
          "topologyPath" : "/default-rack/172.18.0.4:9866"
        }, {
          "replicaId" : 3,
          "location" : "172.18.0.6:9866",
          "storageId" : "DS-510f936c-71ef-4876-b5f2-3cf96b4fbb3d",
          "storageType" : "DISK",
          "topologyPath" : "/default-rack/172.18.0.6:9866"
        } ]
      } ]
    }, {
      "file" : "HdfsLocatedFileStatus{path=hdfs://nodemaster:9000/tmp/hive/hadoop/24481084-5660-420d-b7a2-046f1d4b2b44/hive_2020-06-25_20-49-40_418_5192029522613620137-1/-mr-10005/000013_0; isDirectory=false; length=96; replication=3; blocksize=134217728; modification_time=1593118321479; access_time=1593118321426; owner=hadoop; group=supergroup; permission=rw-r--r--; isSymlink=false; hasAcl=false; isEncrypted=false; isErasureCoded=false}",
      "blockList" : [ {
        "blockId" : 0,
        "replicaList" : [ {
          "replicaId" : 1,
          "location" : "172.18.0.6:9866",
          "storageId" : "DS-510f936c-71ef-4876-b5f2-3cf96b4fbb3d",
          "storageType" : "DISK",
          "topologyPath" : "/default-rack/172.18.0.6:9866"
        }, {
          "replicaId" : 2,
          "location" : "172.18.0.3:9866",
          "storageId" : "DS-fa820258-52aa-46ac-b72c-ad92c390b528",
          "storageType" : "DISK",
          "topologyPath" : "/default-rack/172.18.0.3:9866"
        }, {
          "replicaId" : 3,
          "location" : "172.18.0.7:9866",
          "storageId" : "DS-59b638d8-2e96-4a0b-b1f4-27e72579b7c8",
          "storageType" : "DISK",
          "topologyPath" : "/default-rack/172.18.0.7:9866"
        } ]
      } ]
    }, {
      "file" : "HdfsLocatedFileStatus{path=hdfs://nodemaster:9000/tmp/hive/hadoop/24481084-5660-420d-b7a2-046f1d4b2b44/hive_2020-06-25_20-49-40_418_5192029522613620137-1/-mr-10005/000014_0; isDirectory=false; length=96; replication=3; blocksize=134217728; modification_time=1593118321403; access_time=1593118321314; owner=hadoop; group=supergroup; permission=rw-r--r--; isSymlink=false; hasAcl=false; isEncrypted=false; isErasureCoded=false}",
      "blockList" : [ {
        "blockId" : 0,
        "replicaList" : [ {
          "replicaId" : 1,
          "location" : "172.18.0.12:9866",
          "storageId" : "DS-d4f5f58a-aa85-428a-a155-ee1f4876f03e",
          "storageType" : "DISK",
          "topologyPath" : "/default-rack/172.18.0.12:9866"
        }, {
          "replicaId" : 2,
          "location" : "172.18.0.6:9866",
          "storageId" : "DS-510f936c-71ef-4876-b5f2-3cf96b4fbb3d",
          "storageType" : "DISK",
          "topologyPath" : "/default-rack/172.18.0.6:9866"
        }, {
          "replicaId" : 3,
          "location" : "172.18.0.11:9866",
          "storageId" : "DS-efbcd717-8ac4-420f-b69d-86268e701d33",
          "storageType" : "DISK",
          "topologyPath" : "/default-rack/172.18.0.11:9866"
        } ]
      } ]
    }, {
      "file" : "HdfsLocatedFileStatus{path=hdfs://nodemaster:9000/tmp/hive/hadoop/24481084-5660-420d-b7a2-046f1d4b2b44/hive_2020-06-25_20-49-40_418_5192029522613620137-1/-mr-10005/000015_0; isDirectory=false; length=96; replication=3; blocksize=134217728; modification_time=1593118315151; access_time=1593118314885; owner=hadoop; group=supergroup; permission=rw-r--r--; isSymlink=false; hasAcl=false; isEncrypted=false; isErasureCoded=false}",
      "blockList" : [ {
        "blockId" : 0,
        "replicaList" : [ {
          "replicaId" : 1,
          "location" : "172.18.0.10:9866",
          "storageId" : "DS-51bc4e0b-7688-4fed-b582-5ceb97621812",
          "storageType" : "DISK",
          "topologyPath" : "/default-rack/172.18.0.10:9866"
        }, {
          "replicaId" : 2,
          "location" : "172.18.0.3:9866",
          "storageId" : "DS-fa820258-52aa-46ac-b72c-ad92c390b528",
          "storageType" : "DISK",
          "topologyPath" : "/default-rack/172.18.0.3:9866"
        }, {
          "replicaId" : 3,
          "location" : "172.18.0.12:9866",
          "storageId" : "DS-d4f5f58a-aa85-428a-a155-ee1f4876f03e",
          "storageType" : "DISK",
          "topologyPath" : "/default-rack/172.18.0.12:9866"
        } ]
      } ]
    } ]
  } ]
}