{
  "jobName" : "job_1593381723832_0029",
  "paths" : [ "hdfs://nodemaster:9000/tmp/hive/hadoop/6e6d39d2-42c1-44d7-b50f-390a31bdc09d/hive_2020-06-28_22-30-29_202_1533530083309051238-1/-mr-10005", "hdfs://nodemaster:9000/tmp/hive/hadoop/6e6d39d2-42c1-44d7-b50f-390a31bdc09d/hive_2020-06-28_22-30-29_202_1533530083309051238-1/-mr-10008" ],
  "locations" : [ "node4", "node2" ],
  "jobDataPaths" : [ {
    "path" : "hdfs://nodemaster:9000/tmp/hive/hadoop/6e6d39d2-42c1-44d7-b50f-390a31bdc09d/hive_2020-06-28_22-30-29_202_1533530083309051238-1/-mr-10005",
    "filesList" : [ {
      "file" : "HdfsLocatedFileStatus{path=hdfs://nodemaster:9000/tmp/hive/hadoop/6e6d39d2-42c1-44d7-b50f-390a31bdc09d/hive_2020-06-28_22-30-29_202_1533530083309051238-1/-mr-10005/000000_0; isDirectory=false; length=1575089; replication=3; blocksize=134217728; modification_time=1593383564340; access_time=1593383564107; owner=hadoop; group=supergroup; permission=rw-r--r--; isSymlink=false; hasAcl=false; isEncrypted=false; isErasureCoded=false}",
      "blockList" : [ {
        "blockId" : 0,
        "replicaList" : [ {
          "replicaId" : 1,
          "location" : "172.18.0.11:9866",
          "storageId" : "DS-54b919db-4755-40e4-ba0f-bd4c0d175494",
          "storageType" : "DISK",
          "topologyPath" : "/default-rack/172.18.0.11:9866"
        }, {
          "replicaId" : 2,
          "location" : "172.18.0.5:9866",
          "storageId" : "DS-568b90ef-d59e-4989-ad17-9089347b1d55",
          "storageType" : "DISK",
          "topologyPath" : "/default-rack/172.18.0.5:9866"
        }, {
          "replicaId" : 3,
          "location" : "172.18.0.8:9866",
          "storageId" : "DS-2b298e07-0e2a-4514-b8ac-6060de687a12",
          "storageType" : "DISK",
          "topologyPath" : "/default-rack/172.18.0.8:9866"
        } ]
      } ]
    } ]
  }, {
    "path" : "hdfs://nodemaster:9000/tmp/hive/hadoop/6e6d39d2-42c1-44d7-b50f-390a31bdc09d/hive_2020-06-28_22-30-29_202_1533530083309051238-1/-mr-10008",
    "filesList" : [ {
      "file" : "HdfsLocatedFileStatus{path=hdfs://nodemaster:9000/tmp/hive/hadoop/6e6d39d2-42c1-44d7-b50f-390a31bdc09d/hive_2020-06-28_22-30-29_202_1533530083309051238-1/-mr-10008/000000_0; isDirectory=false; length=93795; replication=3; blocksize=134217728; modification_time=1593383653339; access_time=1593383652563; owner=hadoop; group=supergroup; permission=rw-r--r--; isSymlink=false; hasAcl=false; isEncrypted=false; isErasureCoded=false}",
      "blockList" : [ {
        "blockId" : 0,
        "replicaList" : [ {
          "replicaId" : 1,
          "location" : "172.18.0.3:9866",
          "storageId" : "DS-a899440d-b28f-4698-bd32-a15a1b7c88ce",
          "storageType" : "DISK",
          "topologyPath" : "/default-rack/172.18.0.3:9866"
        }, {
          "replicaId" : 2,
          "location" : "172.18.0.10:9866",
          "storageId" : "DS-ea63fcef-5705-488a-93d5-dad11ece7d18",
          "storageType" : "DISK",
          "topologyPath" : "/default-rack/172.18.0.10:9866"
        }, {
          "replicaId" : 3,
          "location" : "172.18.0.8:9866",
          "storageId" : "DS-2b298e07-0e2a-4514-b8ac-6060de687a12",
          "storageType" : "DISK",
          "topologyPath" : "/default-rack/172.18.0.8:9866"
        } ]
      } ]
    } ]
  } ]
}