{
  "jobName" : "job_1593290710710_0037",
  "paths" : [ "hdfs://nodemaster:9000/tmp/hive/hadoop/9b95dfdf-911a-48d9-a96d-23c48993d2a2/hive_2020-06-27_21-22-19_299_6340110434209915755-1/-mr-10010" ],
  "locations" : [ "node3" ],
  "jobDataPaths" : [ {
    "path" : "hdfs://nodemaster:9000/tmp/hive/hadoop/9b95dfdf-911a-48d9-a96d-23c48993d2a2/hive_2020-06-27_21-22-19_299_6340110434209915755-1/-mr-10010",
    "filesList" : [ {
      "file" : "HdfsLocatedFileStatus{path=hdfs://nodemaster:9000/tmp/hive/hadoop/9b95dfdf-911a-48d9-a96d-23c48993d2a2/hive_2020-06-27_21-22-19_299_6340110434209915755-1/-mr-10010/000000_0; isDirectory=false; length=14636505; replication=3; blocksize=134217728; modification_time=1593293110561; access_time=1593293109809; owner=hadoop; group=supergroup; permission=rw-r--r--; isSymlink=false; hasAcl=false; isEncrypted=false; isErasureCoded=false}",
      "blockList" : [ {
        "blockId" : 0,
        "replicaList" : [ {
          "replicaId" : 1,
          "location" : "172.18.0.7:9866",
          "storageId" : "DS-5eb6433f-20c9-4afc-8309-7bf36e18d8d7",
          "storageType" : "DISK",
          "topologyPath" : "/default-rack/172.18.0.7:9866"
        }, {
          "replicaId" : 2,
          "location" : "172.18.0.8:9866",
          "storageId" : "DS-59ecb24f-d3cd-4cdf-8fcb-3eb3542e163a",
          "storageType" : "DISK",
          "topologyPath" : "/default-rack/172.18.0.8:9866"
        }, {
          "replicaId" : 3,
          "location" : "172.18.0.4:9866",
          "storageId" : "DS-d24d0df7-7569-4ab9-8c45-f0dfd753a140",
          "storageType" : "DISK",
          "topologyPath" : "/default-rack/172.18.0.4:9866"
        } ]
      } ]
    } ]
  } ]
}