{
  "jobName" : "job_1593290710710_0035",
  "paths" : [ "hdfs://nodemaster:9000/tmp/hive/hadoop/9b95dfdf-911a-48d9-a96d-23c48993d2a2/hive_2020-06-27_21-22-19_299_6340110434209915755-1/-mr-10004", "hdfs://nodemaster:9000/user/hive/warehouse/supplier" ],
  "locations" : [ "node11", "node11" ],
  "jobDataPaths" : [ {
    "path" : "hdfs://nodemaster:9000/tmp/hive/hadoop/9b95dfdf-911a-48d9-a96d-23c48993d2a2/hive_2020-06-27_21-22-19_299_6340110434209915755-1/-mr-10004",
    "filesList" : [ {
      "file" : "HdfsLocatedFileStatus{path=hdfs://nodemaster:9000/tmp/hive/hadoop/9b95dfdf-911a-48d9-a96d-23c48993d2a2/hive_2020-06-27_21-22-19_299_6340110434209915755-1/-mr-10004/000000_0; isDirectory=false; length=231; replication=3; blocksize=134217728; modification_time=1593292961283; access_time=1593292961218; owner=hadoop; group=supergroup; permission=rw-r--r--; isSymlink=false; hasAcl=false; isEncrypted=false; isErasureCoded=false}",
      "blockList" : [ {
        "blockId" : 0,
        "replicaList" : [ {
          "replicaId" : 1,
          "location" : "172.18.0.12:9866",
          "storageId" : "DS-28a687e0-7c37-4875-ae56-fc857f2aedd3",
          "storageType" : "DISK",
          "topologyPath" : "/default-rack/172.18.0.12:9866"
        }, {
          "replicaId" : 2,
          "location" : "172.18.0.3:9866",
          "storageId" : "DS-f654c918-ed27-4a0b-adde-225680fca75e",
          "storageType" : "DISK",
          "topologyPath" : "/default-rack/172.18.0.3:9866"
        }, {
          "replicaId" : 3,
          "location" : "172.18.0.4:9866",
          "storageId" : "DS-d24d0df7-7569-4ab9-8c45-f0dfd753a140",
          "storageType" : "DISK",
          "topologyPath" : "/default-rack/172.18.0.4:9866"
        } ]
      } ]
    } ]
  }, {
    "path" : "hdfs://nodemaster:9000/user/hive/warehouse/supplier",
    "filesList" : [ {
      "file" : "HdfsLocatedFileStatus{path=hdfs://nodemaster:9000/user/hive/warehouse/supplier/supplier.tbl; isDirectory=false; length=7088217; replication=3; blocksize=134217728; modification_time=1593290973342; access_time=1593290972927; owner=hadoop; group=supergroup; permission=rw-r--r--; isSymlink=false; hasAcl=false; isEncrypted=false; isErasureCoded=false}",
      "blockList" : [ {
        "blockId" : 0,
        "replicaList" : [ {
          "replicaId" : 1,
          "location" : "172.18.0.12:9866",
          "storageId" : "DS-28a687e0-7c37-4875-ae56-fc857f2aedd3",
          "storageType" : "DISK",
          "topologyPath" : "/default-rack/172.18.0.12:9866"
        }, {
          "replicaId" : 2,
          "location" : "172.18.0.3:9866",
          "storageId" : "DS-f654c918-ed27-4a0b-adde-225680fca75e",
          "storageType" : "DISK",
          "topologyPath" : "/default-rack/172.18.0.3:9866"
        }, {
          "replicaId" : 3,
          "location" : "172.18.0.7:9866",
          "storageId" : "DS-5eb6433f-20c9-4afc-8309-7bf36e18d8d7",
          "storageType" : "DISK",
          "topologyPath" : "/default-rack/172.18.0.7:9866"
        } ]
      } ]
    } ]
  } ]
}