{
  "jobName" : "job_1593290710710_0022",
  "paths" : [ "hdfs://nodemaster:9000/user/hive/warehouse/part", "hdfs://nodemaster:9000/user/hive/warehouse/partsupp" ],
  "locations" : [ "node2", "node4", "node5", "node10" ],
  "jobDataPaths" : [ {
    "path" : "hdfs://nodemaster:9000/user/hive/warehouse/part",
    "filesList" : [ {
      "file" : "HdfsLocatedFileStatus{path=hdfs://nodemaster:9000/user/hive/warehouse/part/part.tbl; isDirectory=false; length=121121810; replication=3; blocksize=134217728; modification_time=1593290972698; access_time=1593290970803; owner=hadoop; group=supergroup; permission=rw-r--r--; isSymlink=false; hasAcl=false; isEncrypted=false; isErasureCoded=false}",
      "blockList" : [ {
        "blockId" : 0,
        "replicaList" : [ {
          "replicaId" : 1,
          "location" : "172.18.0.3:9866",
          "storageId" : "DS-f654c918-ed27-4a0b-adde-225680fca75e",
          "storageType" : "DISK",
          "topologyPath" : "/default-rack/172.18.0.3:9866"
        }, {
          "replicaId" : 2,
          "location" : "172.18.0.12:9866",
          "storageId" : "DS-28a687e0-7c37-4875-ae56-fc857f2aedd3",
          "storageType" : "DISK",
          "topologyPath" : "/default-rack/172.18.0.12:9866"
        }, {
          "replicaId" : 3,
          "location" : "172.18.0.8:9866",
          "storageId" : "DS-59ecb24f-d3cd-4cdf-8fcb-3eb3542e163a",
          "storageType" : "DISK",
          "topologyPath" : "/default-rack/172.18.0.8:9866"
        } ]
      } ]
    } ]
  }, {
    "path" : "hdfs://nodemaster:9000/user/hive/warehouse/partsupp",
    "filesList" : [ {
      "file" : "HdfsLocatedFileStatus{path=hdfs://nodemaster:9000/user/hive/warehouse/partsupp/partsupp.tbl; isDirectory=false; length=599829166; replication=3; blocksize=134217728; modification_time=1593290977541; access_time=1593290973470; owner=hadoop; group=supergroup; permission=rw-r--r--; isSymlink=false; hasAcl=false; isEncrypted=false; isErasureCoded=false}",
      "blockList" : [ {
        "blockId" : 0,
        "replicaList" : [ {
          "replicaId" : 1,
          "location" : "172.18.0.12:9866",
          "storageId" : "DS-28a687e0-7c37-4875-ae56-fc857f2aedd3",
          "storageType" : "DISK",
          "topologyPath" : "/default-rack/172.18.0.12:9866"
        }, {
          "replicaId" : 2,
          "location" : "172.18.0.5:9866",
          "storageId" : "DS-a1ff18c6-fbd0-4e6a-9bb0-3734720c263c",
          "storageType" : "DISK",
          "topologyPath" : "/default-rack/172.18.0.5:9866"
        }, {
          "replicaId" : 3,
          "location" : "172.18.0.7:9866",
          "storageId" : "DS-5eb6433f-20c9-4afc-8309-7bf36e18d8d7",
          "storageType" : "DISK",
          "topologyPath" : "/default-rack/172.18.0.7:9866"
        } ]
      }, {
        "blockId" : 1,
        "replicaList" : [ {
          "replicaId" : 1,
          "location" : "172.18.0.6:9866",
          "storageId" : "DS-620ce234-90b2-4333-86ca-a20de1cf9d2f",
          "storageType" : "DISK",
          "topologyPath" : "/default-rack/172.18.0.6:9866"
        }, {
          "replicaId" : 2,
          "location" : "172.18.0.8:9866",
          "storageId" : "DS-59ecb24f-d3cd-4cdf-8fcb-3eb3542e163a",
          "storageType" : "DISK",
          "topologyPath" : "/default-rack/172.18.0.8:9866"
        }, {
          "replicaId" : 3,
          "location" : "172.18.0.4:9866",
          "storageId" : "DS-d24d0df7-7569-4ab9-8c45-f0dfd753a140",
          "storageType" : "DISK",
          "topologyPath" : "/default-rack/172.18.0.4:9866"
        } ]
      }, {
        "blockId" : 2,
        "replicaList" : [ {
          "replicaId" : 1,
          "location" : "172.18.0.9:9866",
          "storageId" : "DS-2e6d2d13-9a3b-42cf-ad39-585f68a234f3",
          "storageType" : "DISK",
          "topologyPath" : "/default-rack/172.18.0.9:9866"
        }, {
          "replicaId" : 2,
          "location" : "172.18.0.6:9866",
          "storageId" : "DS-620ce234-90b2-4333-86ca-a20de1cf9d2f",
          "storageType" : "DISK",
          "topologyPath" : "/default-rack/172.18.0.6:9866"
        }, {
          "replicaId" : 3,
          "location" : "172.18.0.7:9866",
          "storageId" : "DS-5eb6433f-20c9-4afc-8309-7bf36e18d8d7",
          "storageType" : "DISK",
          "topologyPath" : "/default-rack/172.18.0.7:9866"
        } ]
      }, {
        "blockId" : 3,
        "replicaList" : [ {
          "replicaId" : 1,
          "location" : "172.18.0.9:9866",
          "storageId" : "DS-2e6d2d13-9a3b-42cf-ad39-585f68a234f3",
          "storageType" : "DISK",
          "topologyPath" : "/default-rack/172.18.0.9:9866"
        }, {
          "replicaId" : 2,
          "location" : "172.18.0.11:9866",
          "storageId" : "DS-4dcc10cd-aa5e-4cf7-a214-b0b185f786c0",
          "storageType" : "DISK",
          "topologyPath" : "/default-rack/172.18.0.11:9866"
        }, {
          "replicaId" : 3,
          "location" : "172.18.0.12:9866",
          "storageId" : "DS-28a687e0-7c37-4875-ae56-fc857f2aedd3",
          "storageType" : "DISK",
          "topologyPath" : "/default-rack/172.18.0.12:9866"
        } ]
      }, {
        "blockId" : 4,
        "replicaList" : [ {
          "replicaId" : 1,
          "location" : "172.18.0.11:9866",
          "storageId" : "DS-4dcc10cd-aa5e-4cf7-a214-b0b185f786c0",
          "storageType" : "DISK",
          "topologyPath" : "/default-rack/172.18.0.11:9866"
        }, {
          "replicaId" : 2,
          "location" : "172.18.0.9:9866",
          "storageId" : "DS-2e6d2d13-9a3b-42cf-ad39-585f68a234f3",
          "storageType" : "DISK",
          "topologyPath" : "/default-rack/172.18.0.9:9866"
        }, {
          "replicaId" : 3,
          "location" : "172.18.0.4:9866",
          "storageId" : "DS-d24d0df7-7569-4ab9-8c45-f0dfd753a140",
          "storageType" : "DISK",
          "topologyPath" : "/default-rack/172.18.0.4:9866"
        } ]
      } ]
    } ]
  } ]
}