{
  "jobName" : "job_1593381723832_0083",
  "paths" : [ "hdfs://nodemaster:9000/tmp/hive/hadoop/5a765ccc-0f39-4042-8763-bb4618249a92/hive_2020-06-28_23-07-28_591_5831025536238918217-1/-mr-10005" ],
  "locations" : [ "node5" ],
  "jobDataPaths" : [ {
    "path" : "hdfs://nodemaster:9000/tmp/hive/hadoop/5a765ccc-0f39-4042-8763-bb4618249a92/hive_2020-06-28_23-07-28_591_5831025536238918217-1/-mr-10005",
    "filesList" : [ {
      "file" : "HdfsLocatedFileStatus{path=hdfs://nodemaster:9000/tmp/hive/hadoop/5a765ccc-0f39-4042-8763-bb4618249a92/hive_2020-06-28_23-07-28_591_5831025536238918217-1/-mr-10005/000000_0; isDirectory=false; length=243; replication=3; blocksize=134217728; modification_time=1593385779874; access_time=1593385779808; owner=hadoop; group=supergroup; permission=rw-r--r--; isSymlink=false; hasAcl=false; isEncrypted=false; isErasureCoded=false}",
      "blockList" : [ {
        "blockId" : 0,
        "replicaList" : [ {
          "replicaId" : 1,
          "location" : "172.18.0.6:9866",
          "storageId" : "DS-ee5f10d4-279b-4ef2-8207-cbe6790eb0d9",
          "storageType" : "DISK",
          "topologyPath" : "/default-rack/172.18.0.6:9866"
        }, {
          "replicaId" : 2,
          "location" : "172.18.0.3:9866",
          "storageId" : "DS-a899440d-b28f-4698-bd32-a15a1b7c88ce",
          "storageType" : "DISK",
          "topologyPath" : "/default-rack/172.18.0.3:9866"
        }, {
          "replicaId" : 3,
          "location" : "172.18.0.9:9866",
          "storageId" : "DS-a4351ae1-b2f3-4472-92cb-7375e39399b7",
          "storageType" : "DISK",
          "topologyPath" : "/default-rack/172.18.0.9:9866"
        } ]
      } ]
    } ]
  } ]
}