{
  "jobName" : "job_1593200024087_0060",
  "paths" : [ "hdfs://nodemaster:9000/tmp/hive/hadoop/4c062668-adf7-4d62-a026-1cca53276948/hive_2020-06-26_20-19-28_859_7694418701257584640-1/-mr-10006" ],
  "locations" : [ "node10" ],
  "jobDataPaths" : [ {
    "path" : "hdfs://nodemaster:9000/tmp/hive/hadoop/4c062668-adf7-4d62-a026-1cca53276948/hive_2020-06-26_20-19-28_859_7694418701257584640-1/-mr-10006",
    "filesList" : [ {
      "file" : "HdfsLocatedFileStatus{path=hdfs://nodemaster:9000/tmp/hive/hadoop/4c062668-adf7-4d62-a026-1cca53276948/hive_2020-06-26_20-19-28_859_7694418701257584640-1/-mr-10006/000000_0; isDirectory=false; length=415007; replication=3; blocksize=134217728; modification_time=1593203016313; access_time=1593203016086; owner=hadoop; group=supergroup; permission=rw-r--r--; isSymlink=false; hasAcl=false; isEncrypted=false; isErasureCoded=false}",
      "blockList" : [ {
        "blockId" : 0,
        "replicaList" : [ {
          "replicaId" : 1,
          "location" : "172.18.0.7:9866",
          "storageId" : "DS-c593d964-0c47-46e2-b682-54f96b003b38",
          "storageType" : "DISK",
          "topologyPath" : "/default-rack/172.18.0.7:9866"
        }, {
          "replicaId" : 2,
          "location" : "172.18.0.10:9866",
          "storageId" : "DS-1f933f55-9a84-4557-b978-3df1c52b40cc",
          "storageType" : "DISK",
          "topologyPath" : "/default-rack/172.18.0.10:9866"
        }, {
          "replicaId" : 3,
          "location" : "172.18.0.11:9866",
          "storageId" : "DS-f10bdeae-7ddc-4b9c-a673-0bc0a35e87a7",
          "storageType" : "DISK",
          "topologyPath" : "/default-rack/172.18.0.11:9866"
        } ]
      } ]
    } ]
  } ]
}