{
  "jobName" : "job_1593200024087_0059",
  "paths" : [ "hdfs://nodemaster:9000/tmp/hive/hadoop/4c062668-adf7-4d62-a026-1cca53276948/hive_2020-06-26_20-19-28_859_7694418701257584640-1/-mr-10005", "hdfs://nodemaster:9000/tmp/hive/hadoop/4c062668-adf7-4d62-a026-1cca53276948/hive_2020-06-26_20-19-28_859_7694418701257584640-1/-mr-10008" ],
  "locations" : [ "node10", "node4" ],
  "jobDataPaths" : [ {
    "path" : "hdfs://nodemaster:9000/tmp/hive/hadoop/4c062668-adf7-4d62-a026-1cca53276948/hive_2020-06-26_20-19-28_859_7694418701257584640-1/-mr-10005",
    "filesList" : [ {
      "file" : "HdfsLocatedFileStatus{path=hdfs://nodemaster:9000/tmp/hive/hadoop/4c062668-adf7-4d62-a026-1cca53276948/hive_2020-06-26_20-19-28_859_7694418701257584640-1/-mr-10005/000000_0; isDirectory=false; length=1575089; replication=3; blocksize=134217728; modification_time=1593202905236; access_time=1593202904940; owner=hadoop; group=supergroup; permission=rw-r--r--; isSymlink=false; hasAcl=false; isEncrypted=false; isErasureCoded=false}",
      "blockList" : [ {
        "blockId" : 0,
        "replicaList" : [ {
          "replicaId" : 1,
          "location" : "172.18.0.4:9866",
          "storageId" : "DS-bcb35d91-4542-488b-8c6c-3e2175a6a856",
          "storageType" : "DISK",
          "topologyPath" : "/default-rack/172.18.0.4:9866"
        }, {
          "replicaId" : 2,
          "location" : "172.18.0.12:9866",
          "storageId" : "DS-23aa3d92-4b8e-4ed8-9343-d1fbcdb7985a",
          "storageType" : "DISK",
          "topologyPath" : "/default-rack/172.18.0.12:9866"
        }, {
          "replicaId" : 3,
          "location" : "172.18.0.11:9866",
          "storageId" : "DS-f10bdeae-7ddc-4b9c-a673-0bc0a35e87a7",
          "storageType" : "DISK",
          "topologyPath" : "/default-rack/172.18.0.11:9866"
        } ]
      } ]
    } ]
  }, {
    "path" : "hdfs://nodemaster:9000/tmp/hive/hadoop/4c062668-adf7-4d62-a026-1cca53276948/hive_2020-06-26_20-19-28_859_7694418701257584640-1/-mr-10008",
    "filesList" : [ {
      "file" : "HdfsLocatedFileStatus{path=hdfs://nodemaster:9000/tmp/hive/hadoop/4c062668-adf7-4d62-a026-1cca53276948/hive_2020-06-26_20-19-28_859_7694418701257584640-1/-mr-10008/000000_0; isDirectory=false; length=93795; replication=3; blocksize=134217728; modification_time=1593202992405; access_time=1593202991593; owner=hadoop; group=supergroup; permission=rw-r--r--; isSymlink=false; hasAcl=false; isEncrypted=false; isErasureCoded=false}",
      "blockList" : [ {
        "blockId" : 0,
        "replicaList" : [ {
          "replicaId" : 1,
          "location" : "172.18.0.5:9866",
          "storageId" : "DS-6091f375-bd25-4bc3-b100-022ed0e69cb1",
          "storageType" : "DISK",
          "topologyPath" : "/default-rack/172.18.0.5:9866"
        }, {
          "replicaId" : 2,
          "location" : "172.18.0.11:9866",
          "storageId" : "DS-f10bdeae-7ddc-4b9c-a673-0bc0a35e87a7",
          "storageType" : "DISK",
          "topologyPath" : "/default-rack/172.18.0.11:9866"
        }, {
          "replicaId" : 3,
          "location" : "172.18.0.3:9866",
          "storageId" : "DS-ce3ee9c6-b271-4604-8eed-6aa6bc320b3d",
          "storageType" : "DISK",
          "topologyPath" : "/default-rack/172.18.0.3:9866"
        } ]
      } ]
    } ]
  } ]
}