{
  "jobName" : "job_1593200024087_0057",
  "paths" : [ "hdfs://nodemaster:9000/tmp/hive/hadoop/4c062668-adf7-4d62-a026-1cca53276948/hive_2020-06-26_20-19-28_859_7694418701257584640-1/-mr-10010" ],
  "locations" : [ "node8" ],
  "jobDataPaths" : [ {
    "path" : "hdfs://nodemaster:9000/tmp/hive/hadoop/4c062668-adf7-4d62-a026-1cca53276948/hive_2020-06-26_20-19-28_859_7694418701257584640-1/-mr-10010",
    "filesList" : [ {
      "file" : "HdfsLocatedFileStatus{path=hdfs://nodemaster:9000/tmp/hive/hadoop/4c062668-adf7-4d62-a026-1cca53276948/hive_2020-06-26_20-19-28_859_7694418701257584640-1/-mr-10010/000000_0; isDirectory=false; length=14636505; replication=3; blocksize=134217728; modification_time=1593202940346; access_time=1593202939505; owner=hadoop; group=supergroup; permission=rw-r--r--; isSymlink=false; hasAcl=false; isEncrypted=false; isErasureCoded=false}",
      "blockList" : [ {
        "blockId" : 0,
        "replicaList" : [ {
          "replicaId" : 1,
          "location" : "172.18.0.8:9866",
          "storageId" : "DS-4745e60f-3fbb-44ee-a211-336ab6a34ec2",
          "storageType" : "DISK",
          "topologyPath" : "/default-rack/172.18.0.8:9866"
        }, {
          "replicaId" : 2,
          "location" : "172.18.0.9:9866",
          "storageId" : "DS-b452a2da-34e5-4561-9426-60afafb5755d",
          "storageType" : "DISK",
          "topologyPath" : "/default-rack/172.18.0.9:9866"
        }, {
          "replicaId" : 3,
          "location" : "172.18.0.10:9866",
          "storageId" : "DS-1f933f55-9a84-4557-b978-3df1c52b40cc",
          "storageType" : "DISK",
          "topologyPath" : "/default-rack/172.18.0.10:9866"
        } ]
      } ]
    } ]
  } ]
}