{
  "ipAddr" : "172.18.0.5",
  "ipAddrBytes" : {
    "validUtf8" : true,
    "empty" : false
  },
  "hostName" : "node4",
  "hostNameBytes" : {
    "validUtf8" : true,
    "empty" : false
  },
  "peerHostName" : null,
  "xferPort" : 9866,
  "infoPort" : 9864,
  "infoSecurePort" : 0,
  "ipcPort" : 9867,
  "xferAddr" : "172.18.0.5:9866",
  "datanodeUuid" : "53617e74-acb1-497c-9ec1-573020c0e176",
  "datanodeUuidBytes" : {
    "validUtf8" : true,
    "empty" : false
  },
  "capacity" : 73445531648,
  "dfsUsed" : 1893752951,
  "nonDfsUsed" : 47568093065,
  "remaining" : 20208812032,
  "blockPoolUsed" : 1893752951,
  "cacheCapacity" : 0,
  "cacheUsed" : 0,
  "lastUpdate" : 1593115842410,
  "lastUpdateMonotonic" : 372217,
  "xceiverCount" : 1,
  "softwareVersion" : null,
  "dependentHostNames" : [ ],
  "upgradeDomain" : null,
  "numBlocks" : 0,
  "adminState" : "NORMAL",
  "maintenanceExpireTimeInMS" : 0,
  "lastBlockReportTime" : 1593115623576,
  "lastBlockReportMonotonic" : 153383,
  "level" : 0,
  "networkLocation" : "/default-rack",
  "inService" : true,
  "datanodeReport" : "Name: 172.18.0.5:9866 (node4.sparknet)\nHostname: node4\nDecommission Status : Normal\nConfigured Capacity: 73445531648 (68.40 GB)\nDFS Used: 1893752951 (1.76 GB)\nNon DFS Used: 47568093065 (44.30 GB)\nDFS Remaining: 20208812032 (18.82 GB)\nDFS Used%: 2.58%\nDFS Remaining%: 27.52%\nConfigured Cache Capacity: 0 (0 B)\nCache Used: 0 (0 B)\nCache Remaining: 0 (0 B)\nCache Used%: 100.00%\nCache Remaining%: 0.00%\nXceivers: 1\nLast contact: Thu Jun 25 20:10:42 UTC 2020\nLast Block Report: Thu Jun 25 20:07:03 UTC 2020\nNum of Blocks: 0\n",
  "decommissionInProgress" : false,
  "decommissioned" : false,
  "enteringMaintenance" : false,
  "inMaintenance" : false,
  "maintenance" : false,
  "dfsUsedPercent" : 2.5784454,
  "blockPoolUsedPercent" : 2.5784454,
  "remainingPercent" : 27.515373,
  "cacheUsedPercent" : 100.0,
  "cacheRemaining" : 0,
  "cacheRemainingPercent" : 0.0,
  "name" : "172.18.0.5:9866",
  "parent" : null,
  "infoAddr" : "172.18.0.5:9864",
  "infoSecureAddr" : "172.18.0.5:0",
  "xferAddrWithHostname" : "node4:9866",
  "resolvedAddress" : {
    "hostString" : "172.18.0.5",
    "address" : "172.18.0.5",
    "port" : 9866,
    "unresolved" : false,
    "hostName" : "node4.sparknet"
  }
}