{
  "ipAddr" : "172.18.0.4",
  "ipAddrBytes" : {
    "validUtf8" : true,
    "empty" : false
  },
  "hostName" : "node3",
  "hostNameBytes" : {
    "validUtf8" : true,
    "empty" : false
  },
  "peerHostName" : null,
  "xferPort" : 9866,
  "infoPort" : 9864,
  "infoSecurePort" : 0,
  "ipcPort" : 9867,
  "xferAddr" : "172.18.0.4:9866",
  "datanodeUuid" : "843df860-c953-4c9c-ba67-170fb732d0ce",
  "datanodeUuidBytes" : {
    "validUtf8" : true,
    "empty" : false
  },
  "capacity" : 73445531648,
  "dfsUsed" : 1765630623,
  "nonDfsUsed" : 47696268641,
  "remaining" : 20208758784,
  "blockPoolUsed" : 1765630623,
  "cacheCapacity" : 0,
  "cacheUsed" : 0,
  "lastUpdate" : 1593115843281,
  "lastUpdateMonotonic" : 373088,
  "xceiverCount" : 1,
  "softwareVersion" : null,
  "dependentHostNames" : [ ],
  "upgradeDomain" : null,
  "numBlocks" : 0,
  "adminState" : "NORMAL",
  "maintenanceExpireTimeInMS" : 0,
  "lastBlockReportTime" : 1593115624462,
  "lastBlockReportMonotonic" : 154269,
  "level" : 0,
  "networkLocation" : "/default-rack",
  "inService" : true,
  "datanodeReport" : "Name: 172.18.0.4:9866 (node3.sparknet)\nHostname: node3\nDecommission Status : Normal\nConfigured Capacity: 73445531648 (68.40 GB)\nDFS Used: 1765630623 (1.64 GB)\nNon DFS Used: 47696268641 (44.42 GB)\nDFS Remaining: 20208758784 (18.82 GB)\nDFS Used%: 2.40%\nDFS Remaining%: 27.52%\nConfigured Cache Capacity: 0 (0 B)\nCache Used: 0 (0 B)\nCache Remaining: 0 (0 B)\nCache Used%: 100.00%\nCache Remaining%: 0.00%\nXceivers: 1\nLast contact: Thu Jun 25 20:10:43 UTC 2020\nLast Block Report: Thu Jun 25 20:07:04 UTC 2020\nNum of Blocks: 0\n",
  "decommissionInProgress" : false,
  "decommissioned" : false,
  "enteringMaintenance" : false,
  "inMaintenance" : false,
  "maintenance" : false,
  "dfsUsedPercent" : 2.404,
  "blockPoolUsedPercent" : 2.404,
  "remainingPercent" : 27.5153,
  "cacheUsedPercent" : 100.0,
  "cacheRemaining" : 0,
  "cacheRemainingPercent" : 0.0,
  "name" : "172.18.0.4:9866",
  "parent" : null,
  "infoAddr" : "172.18.0.4:9864",
  "infoSecureAddr" : "172.18.0.4:0",
  "xferAddrWithHostname" : "node3:9866",
  "resolvedAddress" : {
    "hostString" : "172.18.0.4",
    "address" : "172.18.0.4",
    "port" : 9866,
    "unresolved" : false,
    "hostName" : "node3.sparknet"
  }
}