{
  "ipAddr" : "172.18.0.10",
  "ipAddrBytes" : {
    "validUtf8" : true,
    "empty" : false
  },
  "hostName" : "node9",
  "hostNameBytes" : {
    "validUtf8" : true,
    "empty" : false
  },
  "peerHostName" : null,
  "xferPort" : 9866,
  "infoPort" : 9864,
  "infoSecurePort" : 0,
  "ipcPort" : 9867,
  "xferAddr" : "172.18.0.10:9866",
  "datanodeUuid" : "148609d6-de87-41cc-a791-c9e729503d5d",
  "datanodeUuidBytes" : {
    "validUtf8" : true,
    "empty" : false
  },
  "capacity" : 73445531648,
  "dfsUsed" : 1340508917,
  "nonDfsUsed" : 48121337099,
  "remaining" : 20208812032,
  "blockPoolUsed" : 1340508917,
  "cacheCapacity" : 0,
  "cacheUsed" : 0,
  "lastUpdate" : 1593115842348,
  "lastUpdateMonotonic" : 372155,
  "xceiverCount" : 1,
  "softwareVersion" : null,
  "dependentHostNames" : [ ],
  "upgradeDomain" : null,
  "numBlocks" : 0,
  "adminState" : "NORMAL",
  "maintenanceExpireTimeInMS" : 0,
  "lastBlockReportTime" : 1593115623522,
  "lastBlockReportMonotonic" : 153329,
  "level" : 0,
  "networkLocation" : "/default-rack",
  "inService" : true,
  "datanodeReport" : "Name: 172.18.0.10:9866 (node9.sparknet)\nHostname: node9\nDecommission Status : Normal\nConfigured Capacity: 73445531648 (68.40 GB)\nDFS Used: 1340508917 (1.25 GB)\nNon DFS Used: 48121337099 (44.82 GB)\nDFS Remaining: 20208812032 (18.82 GB)\nDFS Used%: 1.83%\nDFS Remaining%: 27.52%\nConfigured Cache Capacity: 0 (0 B)\nCache Used: 0 (0 B)\nCache Remaining: 0 (0 B)\nCache Used%: 100.00%\nCache Remaining%: 0.00%\nXceivers: 1\nLast contact: Thu Jun 25 20:10:42 UTC 2020\nLast Block Report: Thu Jun 25 20:07:03 UTC 2020\nNum of Blocks: 0\n",
  "decommissionInProgress" : false,
  "decommissioned" : false,
  "enteringMaintenance" : false,
  "inMaintenance" : false,
  "maintenance" : false,
  "dfsUsedPercent" : 1.8251742,
  "blockPoolUsedPercent" : 1.8251742,
  "remainingPercent" : 27.515373,
  "cacheUsedPercent" : 100.0,
  "cacheRemaining" : 0,
  "cacheRemainingPercent" : 0.0,
  "name" : "172.18.0.10:9866",
  "parent" : null,
  "infoAddr" : "172.18.0.10:9864",
  "infoSecureAddr" : "172.18.0.10:0",
  "xferAddrWithHostname" : "node9:9866",
  "resolvedAddress" : {
    "hostString" : "172.18.0.10",
    "address" : "172.18.0.10",
    "port" : 9866,
    "unresolved" : false,
    "hostName" : "node9.sparknet"
  }
}