{
  "ipAddr" : "172.18.0.11",
  "ipAddrBytes" : {
    "validUtf8" : true,
    "empty" : false
  },
  "hostName" : "node10",
  "hostNameBytes" : {
    "validUtf8" : true,
    "empty" : false
  },
  "peerHostName" : null,
  "xferPort" : 9866,
  "infoPort" : 9864,
  "infoSecurePort" : 0,
  "ipcPort" : 9867,
  "xferAddr" : "172.18.0.11:9866",
  "datanodeUuid" : "10da0757-366f-40e7-b2f6-e7e2a0a8a45d",
  "datanodeUuidBytes" : {
    "validUtf8" : true,
    "empty" : false
  },
  "capacity" : 73445531648,
  "dfsUsed" : 1330470935,
  "nonDfsUsed" : 48131370985,
  "remaining" : 20208816128,
  "blockPoolUsed" : 1330470935,
  "cacheCapacity" : 0,
  "cacheUsed" : 0,
  "lastUpdate" : 1593115842234,
  "lastUpdateMonotonic" : 372041,
  "xceiverCount" : 1,
  "softwareVersion" : null,
  "dependentHostNames" : [ ],
  "upgradeDomain" : null,
  "numBlocks" : 0,
  "adminState" : "NORMAL",
  "maintenanceExpireTimeInMS" : 0,
  "lastBlockReportTime" : 1593115623399,
  "lastBlockReportMonotonic" : 153206,
  "level" : 0,
  "networkLocation" : "/default-rack",
  "inService" : true,
  "datanodeReport" : "Name: 172.18.0.11:9866 (node10.sparknet)\nHostname: node10\nDecommission Status : Normal\nConfigured Capacity: 73445531648 (68.40 GB)\nDFS Used: 1330470935 (1.24 GB)\nNon DFS Used: 48131370985 (44.83 GB)\nDFS Remaining: 20208816128 (18.82 GB)\nDFS Used%: 1.81%\nDFS Remaining%: 27.52%\nConfigured Cache Capacity: 0 (0 B)\nCache Used: 0 (0 B)\nCache Remaining: 0 (0 B)\nCache Used%: 100.00%\nCache Remaining%: 0.00%\nXceivers: 1\nLast contact: Thu Jun 25 20:10:42 UTC 2020\nLast Block Report: Thu Jun 25 20:07:03 UTC 2020\nNum of Blocks: 0\n",
  "decommissionInProgress" : false,
  "decommissioned" : false,
  "enteringMaintenance" : false,
  "inMaintenance" : false,
  "maintenance" : false,
  "dfsUsedPercent" : 1.811507,
  "blockPoolUsedPercent" : 1.811507,
  "remainingPercent" : 27.515379,
  "cacheUsedPercent" : 100.0,
  "cacheRemaining" : 0,
  "cacheRemainingPercent" : 0.0,
  "name" : "172.18.0.11:9866",
  "parent" : null,
  "infoAddr" : "172.18.0.11:9864",
  "infoSecureAddr" : "172.18.0.11:0",
  "xferAddrWithHostname" : "node10:9866",
  "resolvedAddress" : {
    "hostString" : "172.18.0.11",
    "address" : "172.18.0.11",
    "port" : 9866,
    "unresolved" : false,
    "hostName" : "node10.sparknet"
  }
}