{
  "ipAddr" : "172.18.0.9",
  "ipAddrBytes" : {
    "validUtf8" : true,
    "empty" : false
  },
  "hostName" : "node8",
  "hostNameBytes" : {
    "validUtf8" : true,
    "empty" : false
  },
  "peerHostName" : null,
  "xferPort" : 9866,
  "infoPort" : 9864,
  "infoSecurePort" : 0,
  "ipcPort" : 9867,
  "xferAddr" : "172.18.0.9:9866",
  "datanodeUuid" : "f9d2e5a9-8f57-479a-8768-e0844fbf7a62",
  "datanodeUuidBytes" : {
    "validUtf8" : true,
    "empty" : false
  },
  "capacity" : 73445531648,
  "dfsUsed" : 1374596836,
  "nonDfsUsed" : 48087236892,
  "remaining" : 20208824320,
  "blockPoolUsed" : 1374596836,
  "cacheCapacity" : 0,
  "cacheUsed" : 0,
  "lastUpdate" : 1593115842179,
  "lastUpdateMonotonic" : 371986,
  "xceiverCount" : 1,
  "softwareVersion" : null,
  "dependentHostNames" : [ ],
  "upgradeDomain" : null,
  "numBlocks" : 0,
  "adminState" : "NORMAL",
  "maintenanceExpireTimeInMS" : 0,
  "lastBlockReportTime" : 1593115623391,
  "lastBlockReportMonotonic" : 153198,
  "level" : 0,
  "networkLocation" : "/default-rack",
  "inService" : true,
  "datanodeReport" : "Name: 172.18.0.9:9866 (node8.sparknet)\nHostname: node8\nDecommission Status : Normal\nConfigured Capacity: 73445531648 (68.40 GB)\nDFS Used: 1374596836 (1.28 GB)\nNon DFS Used: 48087236892 (44.78 GB)\nDFS Remaining: 20208824320 (18.82 GB)\nDFS Used%: 1.87%\nDFS Remaining%: 27.52%\nConfigured Cache Capacity: 0 (0 B)\nCache Used: 0 (0 B)\nCache Remaining: 0 (0 B)\nCache Used%: 100.00%\nCache Remaining%: 0.00%\nXceivers: 1\nLast contact: Thu Jun 25 20:10:42 UTC 2020\nLast Block Report: Thu Jun 25 20:07:03 UTC 2020\nNum of Blocks: 0\n",
  "decommissionInProgress" : false,
  "decommissioned" : false,
  "enteringMaintenance" : false,
  "inMaintenance" : false,
  "maintenance" : false,
  "dfsUsedPercent" : 1.8715867,
  "blockPoolUsedPercent" : 1.8715867,
  "remainingPercent" : 27.515388,
  "cacheUsedPercent" : 100.0,
  "cacheRemaining" : 0,
  "cacheRemainingPercent" : 0.0,
  "name" : "172.18.0.9:9866",
  "parent" : null,
  "infoAddr" : "172.18.0.9:9864",
  "infoSecureAddr" : "172.18.0.9:0",
  "xferAddrWithHostname" : "node8:9866",
  "resolvedAddress" : {
    "hostString" : "172.18.0.9",
    "address" : "172.18.0.9",
    "port" : 9866,
    "unresolved" : false,
    "hostName" : "node8.sparknet"
  }
}