{
  "ipAddr" : "172.18.0.12",
  "ipAddrBytes" : {
    "validUtf8" : true,
    "empty" : false
  },
  "hostName" : "node11",
  "hostNameBytes" : {
    "validUtf8" : true,
    "empty" : false
  },
  "peerHostName" : null,
  "xferPort" : 9866,
  "infoPort" : 9864,
  "infoSecurePort" : 0,
  "ipcPort" : 9867,
  "xferAddr" : "172.18.0.12:9866",
  "datanodeUuid" : "87fb8da4-a4bd-4236-a5a2-9079c1bcf483",
  "datanodeUuidBytes" : {
    "validUtf8" : true,
    "empty" : false
  },
  "capacity" : 73445531648,
  "dfsUsed" : 1808738539,
  "nonDfsUsed" : 47653111573,
  "remaining" : 20208807936,
  "blockPoolUsed" : 1808738539,
  "cacheCapacity" : 0,
  "cacheUsed" : 0,
  "lastUpdate" : 1593115842469,
  "lastUpdateMonotonic" : 372276,
  "xceiverCount" : 1,
  "softwareVersion" : null,
  "dependentHostNames" : [ ],
  "upgradeDomain" : null,
  "numBlocks" : 0,
  "adminState" : "NORMAL",
  "maintenanceExpireTimeInMS" : 0,
  "lastBlockReportTime" : 1593115623704,
  "lastBlockReportMonotonic" : 153511,
  "level" : 0,
  "networkLocation" : "/default-rack",
  "inService" : true,
  "datanodeReport" : "Name: 172.18.0.12:9866 (node11.sparknet)\nHostname: node11\nDecommission Status : Normal\nConfigured Capacity: 73445531648 (68.40 GB)\nDFS Used: 1808738539 (1.68 GB)\nNon DFS Used: 47653111573 (44.38 GB)\nDFS Remaining: 20208807936 (18.82 GB)\nDFS Used%: 2.46%\nDFS Remaining%: 27.52%\nConfigured Cache Capacity: 0 (0 B)\nCache Used: 0 (0 B)\nCache Remaining: 0 (0 B)\nCache Used%: 100.00%\nCache Remaining%: 0.00%\nXceivers: 1\nLast contact: Thu Jun 25 20:10:42 UTC 2020\nLast Block Report: Thu Jun 25 20:07:03 UTC 2020\nNum of Blocks: 0\n",
  "decommissionInProgress" : false,
  "decommissioned" : false,
  "enteringMaintenance" : false,
  "inMaintenance" : false,
  "maintenance" : false,
  "dfsUsedPercent" : 2.4626937,
  "blockPoolUsedPercent" : 2.4626937,
  "remainingPercent" : 27.515368,
  "cacheUsedPercent" : 100.0,
  "cacheRemaining" : 0,
  "cacheRemainingPercent" : 0.0,
  "name" : "172.18.0.12:9866",
  "parent" : null,
  "infoAddr" : "172.18.0.12:9864",
  "infoSecureAddr" : "172.18.0.12:0",
  "xferAddrWithHostname" : "node11:9866",
  "resolvedAddress" : {
    "hostString" : "172.18.0.12",
    "address" : "172.18.0.12",
    "port" : 9866,
    "unresolved" : false,
    "hostName" : "node11.sparknet"
  }
}