{
  "ipAddr" : "172.18.0.3",
  "ipAddrBytes" : {
    "validUtf8" : true,
    "empty" : false
  },
  "hostName" : "node2",
  "hostNameBytes" : {
    "validUtf8" : true,
    "empty" : false
  },
  "peerHostName" : null,
  "xferPort" : 9866,
  "infoPort" : 9864,
  "infoSecurePort" : 0,
  "ipcPort" : 9867,
  "xferAddr" : "172.18.0.3:9866",
  "datanodeUuid" : "1b4ffea1-1b7d-4c35-8d81-47ea8c4408b8",
  "datanodeUuidBytes" : {
    "validUtf8" : true,
    "empty" : false
  },
  "capacity" : 73445531648,
  "dfsUsed" : 2279925301,
  "nonDfsUsed" : 47181916619,
  "remaining" : 20208816128,
  "blockPoolUsed" : 2279925301,
  "cacheCapacity" : 0,
  "cacheUsed" : 0,
  "lastUpdate" : 1593115842256,
  "lastUpdateMonotonic" : 372063,
  "xceiverCount" : 1,
  "softwareVersion" : null,
  "dependentHostNames" : [ ],
  "upgradeDomain" : null,
  "numBlocks" : 0,
  "adminState" : "NORMAL",
  "maintenanceExpireTimeInMS" : 0,
  "lastBlockReportTime" : 1593115788257,
  "lastBlockReportMonotonic" : 318064,
  "level" : 0,
  "networkLocation" : "/default-rack",
  "inService" : true,
  "datanodeReport" : "Name: 172.18.0.3:9866 (node2.sparknet)\nHostname: node2\nDecommission Status : Normal\nConfigured Capacity: 73445531648 (68.40 GB)\nDFS Used: 2279925301 (2.12 GB)\nNon DFS Used: 47181916619 (43.94 GB)\nDFS Remaining: 20208816128 (18.82 GB)\nDFS Used%: 3.10%\nDFS Remaining%: 27.52%\nConfigured Cache Capacity: 0 (0 B)\nCache Used: 0 (0 B)\nCache Remaining: 0 (0 B)\nCache Used%: 100.00%\nCache Remaining%: 0.00%\nXceivers: 1\nLast contact: Thu Jun 25 20:10:42 UTC 2020\nLast Block Report: Thu Jun 25 20:09:48 UTC 2020\nNum of Blocks: 0\n",
  "decommissionInProgress" : false,
  "decommissioned" : false,
  "enteringMaintenance" : false,
  "inMaintenance" : false,
  "maintenance" : false,
  "dfsUsedPercent" : 3.1042395,
  "blockPoolUsedPercent" : 3.1042395,
  "remainingPercent" : 27.515379,
  "cacheUsedPercent" : 100.0,
  "cacheRemaining" : 0,
  "cacheRemainingPercent" : 0.0,
  "name" : "172.18.0.3:9866",
  "parent" : null,
  "infoAddr" : "172.18.0.3:9864",
  "infoSecureAddr" : "172.18.0.3:0",
  "xferAddrWithHostname" : "node2:9866",
  "resolvedAddress" : {
    "hostString" : "172.18.0.3",
    "address" : "172.18.0.3",
    "port" : 9866,
    "unresolved" : false,
    "hostName" : "node2.sparknet"
  }
}