{
  "ipAddr" : "172.18.0.7",
  "ipAddrBytes" : {
    "validUtf8" : true,
    "empty" : false
  },
  "hostName" : "node6",
  "hostNameBytes" : {
    "validUtf8" : true,
    "empty" : false
  },
  "peerHostName" : null,
  "xferPort" : 9866,
  "infoPort" : 9864,
  "infoSecurePort" : 0,
  "ipcPort" : 9867,
  "xferAddr" : "172.18.0.7:9866",
  "datanodeUuid" : "f85f7e37-cc83-43ab-b1cc-55c536cd72a6",
  "datanodeUuidBytes" : {
    "validUtf8" : true,
    "empty" : false
  },
  "capacity" : 73445531648,
  "dfsUsed" : 1864395226,
  "nonDfsUsed" : 47597405734,
  "remaining" : 20208857088,
  "blockPoolUsed" : 1864395226,
  "cacheCapacity" : 0,
  "cacheUsed" : 0,
  "lastUpdate" : 1593115842009,
  "lastUpdateMonotonic" : 371816,
  "xceiverCount" : 1,
  "softwareVersion" : null,
  "dependentHostNames" : [ ],
  "upgradeDomain" : null,
  "numBlocks" : 0,
  "adminState" : "NORMAL",
  "maintenanceExpireTimeInMS" : 0,
  "lastBlockReportTime" : 1593115623289,
  "lastBlockReportMonotonic" : 153095,
  "level" : 0,
  "networkLocation" : "/default-rack",
  "inService" : true,
  "datanodeReport" : "Name: 172.18.0.7:9866 (node6.sparknet)\nHostname: node6\nDecommission Status : Normal\nConfigured Capacity: 73445531648 (68.40 GB)\nDFS Used: 1864395226 (1.74 GB)\nNon DFS Used: 47597405734 (44.33 GB)\nDFS Remaining: 20208857088 (18.82 GB)\nDFS Used%: 2.54%\nDFS Remaining%: 27.52%\nConfigured Cache Capacity: 0 (0 B)\nCache Used: 0 (0 B)\nCache Remaining: 0 (0 B)\nCache Used%: 100.00%\nCache Remaining%: 0.00%\nXceivers: 1\nLast contact: Thu Jun 25 20:10:42 UTC 2020\nLast Block Report: Thu Jun 25 20:07:03 UTC 2020\nNum of Blocks: 0\n",
  "decommissionInProgress" : false,
  "decommissioned" : false,
  "enteringMaintenance" : false,
  "inMaintenance" : false,
  "maintenance" : false,
  "dfsUsedPercent" : 2.5384734,
  "blockPoolUsedPercent" : 2.5384734,
  "remainingPercent" : 27.515434,
  "cacheUsedPercent" : 100.0,
  "cacheRemaining" : 0,
  "cacheRemainingPercent" : 0.0,
  "name" : "172.18.0.7:9866",
  "parent" : null,
  "infoAddr" : "172.18.0.7:9864",
  "infoSecureAddr" : "172.18.0.7:0",
  "xferAddrWithHostname" : "node6:9866",
  "resolvedAddress" : {
    "hostString" : "172.18.0.7",
    "address" : "172.18.0.7",
    "port" : 9866,
    "unresolved" : false,
    "hostName" : "node6.sparknet"
  }
}