{
  "ipAddr" : "172.18.0.6",
  "ipAddrBytes" : {
    "validUtf8" : true,
    "empty" : false
  },
  "hostName" : "node5",
  "hostNameBytes" : {
    "validUtf8" : true,
    "empty" : false
  },
  "peerHostName" : null,
  "xferPort" : 9866,
  "infoPort" : 9864,
  "infoSecurePort" : 0,
  "ipcPort" : 9867,
  "xferAddr" : "172.18.0.6:9866",
  "datanodeUuid" : "92482fc0-fbcc-49d5-b5af-b000d1311711",
  "datanodeUuidBytes" : {
    "validUtf8" : true,
    "empty" : false
  },
  "capacity" : 73445531648,
  "dfsUsed" : 1811693428,
  "nonDfsUsed" : 47650152588,
  "remaining" : 20208812032,
  "blockPoolUsed" : 1811693428,
  "cacheCapacity" : 0,
  "cacheUsed" : 0,
  "lastUpdate" : 1593115842329,
  "lastUpdateMonotonic" : 372136,
  "xceiverCount" : 1,
  "softwareVersion" : null,
  "dependentHostNames" : [ ],
  "upgradeDomain" : null,
  "numBlocks" : 0,
  "adminState" : "NORMAL",
  "maintenanceExpireTimeInMS" : 0,
  "lastBlockReportTime" : 1593115623592,
  "lastBlockReportMonotonic" : 153399,
  "level" : 0,
  "networkLocation" : "/default-rack",
  "inService" : true,
  "datanodeReport" : "Name: 172.18.0.6:9866 (node5.sparknet)\nHostname: node5\nDecommission Status : Normal\nConfigured Capacity: 73445531648 (68.40 GB)\nDFS Used: 1811693428 (1.69 GB)\nNon DFS Used: 47650152588 (44.38 GB)\nDFS Remaining: 20208812032 (18.82 GB)\nDFS Used%: 2.47%\nDFS Remaining%: 27.52%\nConfigured Cache Capacity: 0 (0 B)\nCache Used: 0 (0 B)\nCache Remaining: 0 (0 B)\nCache Used%: 100.00%\nCache Remaining%: 0.00%\nXceivers: 1\nLast contact: Thu Jun 25 20:10:42 UTC 2020\nLast Block Report: Thu Jun 25 20:07:03 UTC 2020\nNum of Blocks: 0\n",
  "decommissionInProgress" : false,
  "decommissioned" : false,
  "enteringMaintenance" : false,
  "inMaintenance" : false,
  "maintenance" : false,
  "dfsUsedPercent" : 2.466717,
  "blockPoolUsedPercent" : 2.466717,
  "remainingPercent" : 27.515373,
  "cacheUsedPercent" : 100.0,
  "cacheRemaining" : 0,
  "cacheRemainingPercent" : 0.0,
  "name" : "172.18.0.6:9866",
  "parent" : null,
  "infoAddr" : "172.18.0.6:9864",
  "infoSecureAddr" : "172.18.0.6:0",
  "xferAddrWithHostname" : "node5:9866",
  "resolvedAddress" : {
    "hostString" : "172.18.0.6",
    "address" : "172.18.0.6",
    "port" : 9866,
    "unresolved" : false,
    "hostName" : "node5.sparknet"
  }
}