{
  "ipAddr" : "172.18.0.8",
  "ipAddrBytes" : {
    "validUtf8" : true,
    "empty" : false
  },
  "hostName" : "node7",
  "hostNameBytes" : {
    "validUtf8" : true,
    "empty" : false
  },
  "peerHostName" : null,
  "xferPort" : 9866,
  "infoPort" : 9864,
  "infoSecurePort" : 0,
  "ipcPort" : 9867,
  "xferAddr" : "172.18.0.8:9866",
  "datanodeUuid" : "27830993-c4a1-4a7c-af51-6c7eeeeefb57",
  "datanodeUuidBytes" : {
    "validUtf8" : true,
    "empty" : false
  },
  "capacity" : 73445531648,
  "dfsUsed" : 1412023144,
  "nonDfsUsed" : 48049781912,
  "remaining" : 20208852992,
  "blockPoolUsed" : 1412023144,
  "cacheCapacity" : 0,
  "cacheUsed" : 0,
  "lastUpdate" : 1593115842088,
  "lastUpdateMonotonic" : 371895,
  "xceiverCount" : 1,
  "softwareVersion" : null,
  "dependentHostNames" : [ ],
  "upgradeDomain" : null,
  "numBlocks" : 0,
  "adminState" : "NORMAL",
  "maintenanceExpireTimeInMS" : 0,
  "lastBlockReportTime" : 1593115623308,
  "lastBlockReportMonotonic" : 153115,
  "level" : 0,
  "networkLocation" : "/default-rack",
  "inService" : true,
  "datanodeReport" : "Name: 172.18.0.8:9866 (node7.sparknet)\nHostname: node7\nDecommission Status : Normal\nConfigured Capacity: 73445531648 (68.40 GB)\nDFS Used: 1412023144 (1.32 GB)\nNon DFS Used: 48049781912 (44.75 GB)\nDFS Remaining: 20208852992 (18.82 GB)\nDFS Used%: 1.92%\nDFS Remaining%: 27.52%\nConfigured Cache Capacity: 0 (0 B)\nCache Used: 0 (0 B)\nCache Remaining: 0 (0 B)\nCache Used%: 100.00%\nCache Remaining%: 0.00%\nXceivers: 1\nLast contact: Thu Jun 25 20:10:42 UTC 2020\nLast Block Report: Thu Jun 25 20:07:03 UTC 2020\nNum of Blocks: 0\n",
  "decommissionInProgress" : false,
  "decommissioned" : false,
  "enteringMaintenance" : false,
  "inMaintenance" : false,
  "maintenance" : false,
  "dfsUsedPercent" : 1.9225446,
  "blockPoolUsedPercent" : 1.9225446,
  "remainingPercent" : 27.515429,
  "cacheUsedPercent" : 100.0,
  "cacheRemaining" : 0,
  "cacheRemainingPercent" : 0.0,
  "name" : "172.18.0.8:9866",
  "parent" : null,
  "infoAddr" : "172.18.0.8:9864",
  "infoSecureAddr" : "172.18.0.8:0",
  "xferAddrWithHostname" : "node7:9866",
  "resolvedAddress" : {
    "hostString" : "172.18.0.8",
    "address" : "172.18.0.8",
    "port" : 9866,
    "unresolved" : false,
    "hostName" : "node7.sparknet"
  }
}