{
  "jobName" : "job_1593200024087_0082",
  "paths" : [ "hdfs://nodemaster:9000/tmp/hive/hadoop/a68f8837-7a21-49bc-bbfa-af3d37bf9ba9/hive_2020-06-26_20-41-33_749_7556052199197982424-1/-mr-10004" ],
  "locations" : [ "node4", "node5", "node10", "node2", "node11" ],
  "jobDataPaths" : [ {
    "path" : "hdfs://nodemaster:9000/tmp/hive/hadoop/a68f8837-7a21-49bc-bbfa-af3d37bf9ba9/hive_2020-06-26_20-41-33_749_7556052199197982424-1/-mr-10004",
    "filesList" : [ {
      "file" : "HdfsLocatedFileStatus{path=hdfs://nodemaster:9000/tmp/hive/hadoop/a68f8837-7a21-49bc-bbfa-af3d37bf9ba9/hive_2020-06-26_20-41-33_749_7556052199197982424-1/-mr-10004/000000_0; isDirectory=false; length=243; replication=3; blocksize=134217728; modification_time=1593204196033; access_time=1593204195639; owner=hadoop; group=supergroup; permission=rw-r--r--; isSymlink=false; hasAcl=false; isEncrypted=false; isErasureCoded=false}",
      "blockList" : [ {
        "blockId" : 0,
        "replicaList" : [ {
          "replicaId" : 1,
          "location" : "172.18.0.9:9866",
          "storageId" : "DS-b452a2da-34e5-4561-9426-60afafb5755d",
          "storageType" : "DISK",
          "topologyPath" : "/default-rack/172.18.0.9:9866"
        }, {
          "replicaId" : 2,
          "location" : "172.18.0.3:9866",
          "storageId" : "DS-ce3ee9c6-b271-4604-8eed-6aa6bc320b3d",
          "storageType" : "DISK",
          "topologyPath" : "/default-rack/172.18.0.3:9866"
        }, {
          "replicaId" : 3,
          "location" : "172.18.0.5:9866",
          "storageId" : "DS-6091f375-bd25-4bc3-b100-022ed0e69cb1",
          "storageType" : "DISK",
          "topologyPath" : "/default-rack/172.18.0.5:9866"
        } ]
      } ]
    }, {
      "file" : "HdfsLocatedFileStatus{path=hdfs://nodemaster:9000/tmp/hive/hadoop/a68f8837-7a21-49bc-bbfa-af3d37bf9ba9/hive_2020-06-26_20-41-33_749_7556052199197982424-1/-mr-10004/000001_0; isDirectory=false; length=243; replication=3; blocksize=134217728; modification_time=1593204196267; access_time=1593204195817; owner=hadoop; group=supergroup; permission=rw-r--r--; isSymlink=false; hasAcl=false; isEncrypted=false; isErasureCoded=false}",
      "blockList" : [ {
        "blockId" : 0,
        "replicaList" : [ {
          "replicaId" : 1,
          "location" : "172.18.0.5:9866",
          "storageId" : "DS-6091f375-bd25-4bc3-b100-022ed0e69cb1",
          "storageType" : "DISK",
          "topologyPath" : "/default-rack/172.18.0.5:9866"
        }, {
          "replicaId" : 2,
          "location" : "172.18.0.8:9866",
          "storageId" : "DS-4745e60f-3fbb-44ee-a211-336ab6a34ec2",
          "storageType" : "DISK",
          "topologyPath" : "/default-rack/172.18.0.8:9866"
        }, {
          "replicaId" : 3,
          "location" : "172.18.0.7:9866",
          "storageId" : "DS-c593d964-0c47-46e2-b682-54f96b003b38",
          "storageType" : "DISK",
          "topologyPath" : "/default-rack/172.18.0.7:9866"
        } ]
      } ]
    }, {
      "file" : "HdfsLocatedFileStatus{path=hdfs://nodemaster:9000/tmp/hive/hadoop/a68f8837-7a21-49bc-bbfa-af3d37bf9ba9/hive_2020-06-26_20-41-33_749_7556052199197982424-1/-mr-10004/000002_0; isDirectory=false; length=243; replication=3; blocksize=134217728; modification_time=1593204191391; access_time=1593204190598; owner=hadoop; group=supergroup; permission=rw-r--r--; isSymlink=false; hasAcl=false; isEncrypted=false; isErasureCoded=false}",
      "blockList" : [ {
        "blockId" : 0,
        "replicaList" : [ {
          "replicaId" : 1,
          "location" : "172.18.0.12:9866",
          "storageId" : "DS-23aa3d92-4b8e-4ed8-9343-d1fbcdb7985a",
          "storageType" : "DISK",
          "topologyPath" : "/default-rack/172.18.0.12:9866"
        }, {
          "replicaId" : 2,
          "location" : "172.18.0.10:9866",
          "storageId" : "DS-1f933f55-9a84-4557-b978-3df1c52b40cc",
          "storageType" : "DISK",
          "topologyPath" : "/default-rack/172.18.0.10:9866"
        }, {
          "replicaId" : 3,
          "location" : "172.18.0.6:9866",
          "storageId" : "DS-e6ea3630-3552-4bcd-823d-aad05e067c54",
          "storageType" : "DISK",
          "topologyPath" : "/default-rack/172.18.0.6:9866"
        } ]
      } ]
    }, {
      "file" : "HdfsLocatedFileStatus{path=hdfs://nodemaster:9000/tmp/hive/hadoop/a68f8837-7a21-49bc-bbfa-af3d37bf9ba9/hive_2020-06-26_20-41-33_749_7556052199197982424-1/-mr-10004/000003_0; isDirectory=false; length=243; replication=3; blocksize=134217728; modification_time=1593204191966; access_time=1593204191578; owner=hadoop; group=supergroup; permission=rw-r--r--; isSymlink=false; hasAcl=false; isEncrypted=false; isErasureCoded=false}",
      "blockList" : [ {
        "blockId" : 0,
        "replicaList" : [ {
          "replicaId" : 1,
          "location" : "172.18.0.10:9866",
          "storageId" : "DS-1f933f55-9a84-4557-b978-3df1c52b40cc",
          "storageType" : "DISK",
          "topologyPath" : "/default-rack/172.18.0.10:9866"
        }, {
          "replicaId" : 2,
          "location" : "172.18.0.7:9866",
          "storageId" : "DS-c593d964-0c47-46e2-b682-54f96b003b38",
          "storageType" : "DISK",
          "topologyPath" : "/default-rack/172.18.0.7:9866"
        }, {
          "replicaId" : 3,
          "location" : "172.18.0.5:9866",
          "storageId" : "DS-6091f375-bd25-4bc3-b100-022ed0e69cb1",
          "storageType" : "DISK",
          "topologyPath" : "/default-rack/172.18.0.5:9866"
        } ]
      } ]
    }, {
      "file" : "HdfsLocatedFileStatus{path=hdfs://nodemaster:9000/tmp/hive/hadoop/a68f8837-7a21-49bc-bbfa-af3d37bf9ba9/hive_2020-06-26_20-41-33_749_7556052199197982424-1/-mr-10004/000004_0; isDirectory=false; length=243; replication=3; blocksize=134217728; modification_time=1593204195873; access_time=1593204195644; owner=hadoop; group=supergroup; permission=rw-r--r--; isSymlink=false; hasAcl=false; isEncrypted=false; isErasureCoded=false}",
      "blockList" : [ {
        "blockId" : 0,
        "replicaList" : [ {
          "replicaId" : 1,
          "location" : "172.18.0.6:9866",
          "storageId" : "DS-e6ea3630-3552-4bcd-823d-aad05e067c54",
          "storageType" : "DISK",
          "topologyPath" : "/default-rack/172.18.0.6:9866"
        }, {
          "replicaId" : 2,
          "location" : "172.18.0.12:9866",
          "storageId" : "DS-23aa3d92-4b8e-4ed8-9343-d1fbcdb7985a",
          "storageType" : "DISK",
          "topologyPath" : "/default-rack/172.18.0.12:9866"
        }, {
          "replicaId" : 3,
          "location" : "172.18.0.8:9866",
          "storageId" : "DS-4745e60f-3fbb-44ee-a211-336ab6a34ec2",
          "storageType" : "DISK",
          "topologyPath" : "/default-rack/172.18.0.8:9866"
        } ]
      } ]
    }, {
      "file" : "HdfsLocatedFileStatus{path=hdfs://nodemaster:9000/tmp/hive/hadoop/a68f8837-7a21-49bc-bbfa-af3d37bf9ba9/hive_2020-06-26_20-41-33_749_7556052199197982424-1/-mr-10004/000005_0; isDirectory=false; length=243; replication=3; blocksize=134217728; modification_time=1593204196745; access_time=1593204196598; owner=hadoop; group=supergroup; permission=rw-r--r--; isSymlink=false; hasAcl=false; isEncrypted=false; isErasureCoded=false}",
      "blockList" : [ {
        "blockId" : 0,
        "replicaList" : [ {
          "replicaId" : 1,
          "location" : "172.18.0.8:9866",
          "storageId" : "DS-4745e60f-3fbb-44ee-a211-336ab6a34ec2",
          "storageType" : "DISK",
          "topologyPath" : "/default-rack/172.18.0.8:9866"
        }, {
          "replicaId" : 2,
          "location" : "172.18.0.3:9866",
          "storageId" : "DS-ce3ee9c6-b271-4604-8eed-6aa6bc320b3d",
          "storageType" : "DISK",
          "topologyPath" : "/default-rack/172.18.0.3:9866"
        }, {
          "replicaId" : 3,
          "location" : "172.18.0.10:9866",
          "storageId" : "DS-1f933f55-9a84-4557-b978-3df1c52b40cc",
          "storageType" : "DISK",
          "topologyPath" : "/default-rack/172.18.0.10:9866"
        } ]
      } ]
    }, {
      "file" : "HdfsLocatedFileStatus{path=hdfs://nodemaster:9000/tmp/hive/hadoop/a68f8837-7a21-49bc-bbfa-af3d37bf9ba9/hive_2020-06-26_20-41-33_749_7556052199197982424-1/-mr-10004/000006_0; isDirectory=false; length=243; replication=3; blocksize=134217728; modification_time=1593204196591; access_time=1593204196167; owner=hadoop; group=supergroup; permission=rw-r--r--; isSymlink=false; hasAcl=false; isEncrypted=false; isErasureCoded=false}",
      "blockList" : [ {
        "blockId" : 0,
        "replicaList" : [ {
          "replicaId" : 1,
          "location" : "172.18.0.12:9866",
          "storageId" : "DS-23aa3d92-4b8e-4ed8-9343-d1fbcdb7985a",
          "storageType" : "DISK",
          "topologyPath" : "/default-rack/172.18.0.12:9866"
        }, {
          "replicaId" : 2,
          "location" : "172.18.0.4:9866",
          "storageId" : "DS-bcb35d91-4542-488b-8c6c-3e2175a6a856",
          "storageType" : "DISK",
          "topologyPath" : "/default-rack/172.18.0.4:9866"
        }, {
          "replicaId" : 3,
          "location" : "172.18.0.7:9866",
          "storageId" : "DS-c593d964-0c47-46e2-b682-54f96b003b38",
          "storageType" : "DISK",
          "topologyPath" : "/default-rack/172.18.0.7:9866"
        } ]
      } ]
    }, {
      "file" : "HdfsLocatedFileStatus{path=hdfs://nodemaster:9000/tmp/hive/hadoop/a68f8837-7a21-49bc-bbfa-af3d37bf9ba9/hive_2020-06-26_20-41-33_749_7556052199197982424-1/-mr-10004/000007_0; isDirectory=false; length=243; replication=3; blocksize=134217728; modification_time=1593204195289; access_time=1593204195044; owner=hadoop; group=supergroup; permission=rw-r--r--; isSymlink=false; hasAcl=false; isEncrypted=false; isErasureCoded=false}",
      "blockList" : [ {
        "blockId" : 0,
        "replicaList" : [ {
          "replicaId" : 1,
          "location" : "172.18.0.5:9866",
          "storageId" : "DS-6091f375-bd25-4bc3-b100-022ed0e69cb1",
          "storageType" : "DISK",
          "topologyPath" : "/default-rack/172.18.0.5:9866"
        }, {
          "replicaId" : 2,
          "location" : "172.18.0.8:9866",
          "storageId" : "DS-4745e60f-3fbb-44ee-a211-336ab6a34ec2",
          "storageType" : "DISK",
          "topologyPath" : "/default-rack/172.18.0.8:9866"
        }, {
          "replicaId" : 3,
          "location" : "172.18.0.6:9866",
          "storageId" : "DS-e6ea3630-3552-4bcd-823d-aad05e067c54",
          "storageType" : "DISK",
          "topologyPath" : "/default-rack/172.18.0.6:9866"
        } ]
      } ]
    }, {
      "file" : "HdfsLocatedFileStatus{path=hdfs://nodemaster:9000/tmp/hive/hadoop/a68f8837-7a21-49bc-bbfa-af3d37bf9ba9/hive_2020-06-26_20-41-33_749_7556052199197982424-1/-mr-10004/000008_0; isDirectory=false; length=243; replication=3; blocksize=134217728; modification_time=1593204196318; access_time=1593204196089; owner=hadoop; group=supergroup; permission=rw-r--r--; isSymlink=false; hasAcl=false; isEncrypted=false; isErasureCoded=false}",
      "blockList" : [ {
        "blockId" : 0,
        "replicaList" : [ {
          "replicaId" : 1,
          "location" : "172.18.0.8:9866",
          "storageId" : "DS-4745e60f-3fbb-44ee-a211-336ab6a34ec2",
          "storageType" : "DISK",
          "topologyPath" : "/default-rack/172.18.0.8:9866"
        }, {
          "replicaId" : 2,
          "location" : "172.18.0.7:9866",
          "storageId" : "DS-c593d964-0c47-46e2-b682-54f96b003b38",
          "storageType" : "DISK",
          "topologyPath" : "/default-rack/172.18.0.7:9866"
        }, {
          "replicaId" : 3,
          "location" : "172.18.0.11:9866",
          "storageId" : "DS-f10bdeae-7ddc-4b9c-a673-0bc0a35e87a7",
          "storageType" : "DISK",
          "topologyPath" : "/default-rack/172.18.0.11:9866"
        } ]
      } ]
    }, {
      "file" : "HdfsLocatedFileStatus{path=hdfs://nodemaster:9000/tmp/hive/hadoop/a68f8837-7a21-49bc-bbfa-af3d37bf9ba9/hive_2020-06-26_20-41-33_749_7556052199197982424-1/-mr-10004/000009_0; isDirectory=false; length=243; replication=3; blocksize=134217728; modification_time=1593204195564; access_time=1593204195091; owner=hadoop; group=supergroup; permission=rw-r--r--; isSymlink=false; hasAcl=false; isEncrypted=false; isErasureCoded=false}",
      "blockList" : [ {
        "blockId" : 0,
        "replicaList" : [ {
          "replicaId" : 1,
          "location" : "172.18.0.11:9866",
          "storageId" : "DS-f10bdeae-7ddc-4b9c-a673-0bc0a35e87a7",
          "storageType" : "DISK",
          "topologyPath" : "/default-rack/172.18.0.11:9866"
        }, {
          "replicaId" : 2,
          "location" : "172.18.0.10:9866",
          "storageId" : "DS-1f933f55-9a84-4557-b978-3df1c52b40cc",
          "storageType" : "DISK",
          "topologyPath" : "/default-rack/172.18.0.10:9866"
        }, {
          "replicaId" : 3,
          "location" : "172.18.0.6:9866",
          "storageId" : "DS-e6ea3630-3552-4bcd-823d-aad05e067c54",
          "storageType" : "DISK",
          "topologyPath" : "/default-rack/172.18.0.6:9866"
        } ]
      } ]
    }, {
      "file" : "HdfsLocatedFileStatus{path=hdfs://nodemaster:9000/tmp/hive/hadoop/a68f8837-7a21-49bc-bbfa-af3d37bf9ba9/hive_2020-06-26_20-41-33_749_7556052199197982424-1/-mr-10004/000010_0; isDirectory=false; length=243; replication=3; blocksize=134217728; modification_time=1593204196687; access_time=1593204196492; owner=hadoop; group=supergroup; permission=rw-r--r--; isSymlink=false; hasAcl=false; isEncrypted=false; isErasureCoded=false}",
      "blockList" : [ {
        "blockId" : 0,
        "replicaList" : [ {
          "replicaId" : 1,
          "location" : "172.18.0.12:9866",
          "storageId" : "DS-23aa3d92-4b8e-4ed8-9343-d1fbcdb7985a",
          "storageType" : "DISK",
          "topologyPath" : "/default-rack/172.18.0.12:9866"
        }, {
          "replicaId" : 2,
          "location" : "172.18.0.10:9866",
          "storageId" : "DS-1f933f55-9a84-4557-b978-3df1c52b40cc",
          "storageType" : "DISK",
          "topologyPath" : "/default-rack/172.18.0.10:9866"
        }, {
          "replicaId" : 3,
          "location" : "172.18.0.4:9866",
          "storageId" : "DS-bcb35d91-4542-488b-8c6c-3e2175a6a856",
          "storageType" : "DISK",
          "topologyPath" : "/default-rack/172.18.0.4:9866"
        } ]
      } ]
    }, {
      "file" : "HdfsLocatedFileStatus{path=hdfs://nodemaster:9000/tmp/hive/hadoop/a68f8837-7a21-49bc-bbfa-af3d37bf9ba9/hive_2020-06-26_20-41-33_749_7556052199197982424-1/-mr-10004/000011_0; isDirectory=false; length=243; replication=3; blocksize=134217728; modification_time=1593204194875; access_time=1593204194620; owner=hadoop; group=supergroup; permission=rw-r--r--; isSymlink=false; hasAcl=false; isEncrypted=false; isErasureCoded=false}",
      "blockList" : [ {
        "blockId" : 0,
        "replicaList" : [ {
          "replicaId" : 1,
          "location" : "172.18.0.3:9866",
          "storageId" : "DS-ce3ee9c6-b271-4604-8eed-6aa6bc320b3d",
          "storageType" : "DISK",
          "topologyPath" : "/default-rack/172.18.0.3:9866"
        }, {
          "replicaId" : 2,
          "location" : "172.18.0.11:9866",
          "storageId" : "DS-f10bdeae-7ddc-4b9c-a673-0bc0a35e87a7",
          "storageType" : "DISK",
          "topologyPath" : "/default-rack/172.18.0.11:9866"
        }, {
          "replicaId" : 3,
          "location" : "172.18.0.6:9866",
          "storageId" : "DS-e6ea3630-3552-4bcd-823d-aad05e067c54",
          "storageType" : "DISK",
          "topologyPath" : "/default-rack/172.18.0.6:9866"
        } ]
      } ]
    }, {
      "file" : "HdfsLocatedFileStatus{path=hdfs://nodemaster:9000/tmp/hive/hadoop/a68f8837-7a21-49bc-bbfa-af3d37bf9ba9/hive_2020-06-26_20-41-33_749_7556052199197982424-1/-mr-10004/000012_0; isDirectory=false; length=243; replication=3; blocksize=134217728; modification_time=1593204193074; access_time=1593204192707; owner=hadoop; group=supergroup; permission=rw-r--r--; isSymlink=false; hasAcl=false; isEncrypted=false; isErasureCoded=false}",
      "blockList" : [ {
        "blockId" : 0,
        "replicaList" : [ {
          "replicaId" : 1,
          "location" : "172.18.0.6:9866",
          "storageId" : "DS-e6ea3630-3552-4bcd-823d-aad05e067c54",
          "storageType" : "DISK",
          "topologyPath" : "/default-rack/172.18.0.6:9866"
        }, {
          "replicaId" : 2,
          "location" : "172.18.0.5:9866",
          "storageId" : "DS-6091f375-bd25-4bc3-b100-022ed0e69cb1",
          "storageType" : "DISK",
          "topologyPath" : "/default-rack/172.18.0.5:9866"
        }, {
          "replicaId" : 3,
          "location" : "172.18.0.4:9866",
          "storageId" : "DS-bcb35d91-4542-488b-8c6c-3e2175a6a856",
          "storageType" : "DISK",
          "topologyPath" : "/default-rack/172.18.0.4:9866"
        } ]
      } ]
    }, {
      "file" : "HdfsLocatedFileStatus{path=hdfs://nodemaster:9000/tmp/hive/hadoop/a68f8837-7a21-49bc-bbfa-af3d37bf9ba9/hive_2020-06-26_20-41-33_749_7556052199197982424-1/-mr-10004/000013_0; isDirectory=false; length=243; replication=3; blocksize=134217728; modification_time=1593204196074; access_time=1593204195810; owner=hadoop; group=supergroup; permission=rw-r--r--; isSymlink=false; hasAcl=false; isEncrypted=false; isErasureCoded=false}",
      "blockList" : [ {
        "blockId" : 0,
        "replicaList" : [ {
          "replicaId" : 1,
          "location" : "172.18.0.5:9866",
          "storageId" : "DS-6091f375-bd25-4bc3-b100-022ed0e69cb1",
          "storageType" : "DISK",
          "topologyPath" : "/default-rack/172.18.0.5:9866"
        }, {
          "replicaId" : 2,
          "location" : "172.18.0.11:9866",
          "storageId" : "DS-f10bdeae-7ddc-4b9c-a673-0bc0a35e87a7",
          "storageType" : "DISK",
          "topologyPath" : "/default-rack/172.18.0.11:9866"
        }, {
          "replicaId" : 3,
          "location" : "172.18.0.8:9866",
          "storageId" : "DS-4745e60f-3fbb-44ee-a211-336ab6a34ec2",
          "storageType" : "DISK",
          "topologyPath" : "/default-rack/172.18.0.8:9866"
        } ]
      } ]
    }, {
      "file" : "HdfsLocatedFileStatus{path=hdfs://nodemaster:9000/tmp/hive/hadoop/a68f8837-7a21-49bc-bbfa-af3d37bf9ba9/hive_2020-06-26_20-41-33_749_7556052199197982424-1/-mr-10004/000014_0; isDirectory=false; length=243; replication=3; blocksize=134217728; modification_time=1593204196839; access_time=1593204196641; owner=hadoop; group=supergroup; permission=rw-r--r--; isSymlink=false; hasAcl=false; isEncrypted=false; isErasureCoded=false}",
      "blockList" : [ {
        "blockId" : 0,
        "replicaList" : [ {
          "replicaId" : 1,
          "location" : "172.18.0.9:9866",
          "storageId" : "DS-b452a2da-34e5-4561-9426-60afafb5755d",
          "storageType" : "DISK",
          "topologyPath" : "/default-rack/172.18.0.9:9866"
        }, {
          "replicaId" : 2,
          "location" : "172.18.0.5:9866",
          "storageId" : "DS-6091f375-bd25-4bc3-b100-022ed0e69cb1",
          "storageType" : "DISK",
          "topologyPath" : "/default-rack/172.18.0.5:9866"
        }, {
          "replicaId" : 3,
          "location" : "172.18.0.7:9866",
          "storageId" : "DS-c593d964-0c47-46e2-b682-54f96b003b38",
          "storageType" : "DISK",
          "topologyPath" : "/default-rack/172.18.0.7:9866"
        } ]
      } ]
    }, {
      "file" : "HdfsLocatedFileStatus{path=hdfs://nodemaster:9000/tmp/hive/hadoop/a68f8837-7a21-49bc-bbfa-af3d37bf9ba9/hive_2020-06-26_20-41-33_749_7556052199197982424-1/-mr-10004/000015_0; isDirectory=false; length=243; replication=3; blocksize=134217728; modification_time=1593204195912; access_time=1593204195320; owner=hadoop; group=supergroup; permission=rw-r--r--; isSymlink=false; hasAcl=false; isEncrypted=false; isErasureCoded=false}",
      "blockList" : [ {
        "blockId" : 0,
        "replicaList" : [ {
          "replicaId" : 1,
          "location" : "172.18.0.6:9866",
          "storageId" : "DS-e6ea3630-3552-4bcd-823d-aad05e067c54",
          "storageType" : "DISK",
          "topologyPath" : "/default-rack/172.18.0.6:9866"
        }, {
          "replicaId" : 2,
          "location" : "172.18.0.10:9866",
          "storageId" : "DS-1f933f55-9a84-4557-b978-3df1c52b40cc",
          "storageType" : "DISK",
          "topologyPath" : "/default-rack/172.18.0.10:9866"
        }, {
          "replicaId" : 3,
          "location" : "172.18.0.9:9866",
          "storageId" : "DS-b452a2da-34e5-4561-9426-60afafb5755d",
          "storageType" : "DISK",
          "topologyPath" : "/default-rack/172.18.0.9:9866"
        } ]
      } ]
    }, {
      "file" : "HdfsLocatedFileStatus{path=hdfs://nodemaster:9000/tmp/hive/hadoop/a68f8837-7a21-49bc-bbfa-af3d37bf9ba9/hive_2020-06-26_20-41-33_749_7556052199197982424-1/-mr-10004/000016_0; isDirectory=false; length=243; replication=3; blocksize=134217728; modification_time=1593204196628; access_time=1593204196422; owner=hadoop; group=supergroup; permission=rw-r--r--; isSymlink=false; hasAcl=false; isEncrypted=false; isErasureCoded=false}",
      "blockList" : [ {
        "blockId" : 0,
        "replicaList" : [ {
          "replicaId" : 1,
          "location" : "172.18.0.6:9866",
          "storageId" : "DS-e6ea3630-3552-4bcd-823d-aad05e067c54",
          "storageType" : "DISK",
          "topologyPath" : "/default-rack/172.18.0.6:9866"
        }, {
          "replicaId" : 2,
          "location" : "172.18.0.4:9866",
          "storageId" : "DS-bcb35d91-4542-488b-8c6c-3e2175a6a856",
          "storageType" : "DISK",
          "topologyPath" : "/default-rack/172.18.0.4:9866"
        }, {
          "replicaId" : 3,
          "location" : "172.18.0.10:9866",
          "storageId" : "DS-1f933f55-9a84-4557-b978-3df1c52b40cc",
          "storageType" : "DISK",
          "topologyPath" : "/default-rack/172.18.0.10:9866"
        } ]
      } ]
    }, {
      "file" : "HdfsLocatedFileStatus{path=hdfs://nodemaster:9000/tmp/hive/hadoop/a68f8837-7a21-49bc-bbfa-af3d37bf9ba9/hive_2020-06-26_20-41-33_749_7556052199197982424-1/-mr-10004/000017_0; isDirectory=false; length=243; replication=3; blocksize=134217728; modification_time=1593204198835; access_time=1593204198773; owner=hadoop; group=supergroup; permission=rw-r--r--; isSymlink=false; hasAcl=false; isEncrypted=false; isErasureCoded=false}",
      "blockList" : [ {
        "blockId" : 0,
        "replicaList" : [ {
          "replicaId" : 1,
          "location" : "172.18.0.7:9866",
          "storageId" : "DS-c593d964-0c47-46e2-b682-54f96b003b38",
          "storageType" : "DISK",
          "topologyPath" : "/default-rack/172.18.0.7:9866"
        }, {
          "replicaId" : 2,
          "location" : "172.18.0.11:9866",
          "storageId" : "DS-f10bdeae-7ddc-4b9c-a673-0bc0a35e87a7",
          "storageType" : "DISK",
          "topologyPath" : "/default-rack/172.18.0.11:9866"
        }, {
          "replicaId" : 3,
          "location" : "172.18.0.10:9866",
          "storageId" : "DS-1f933f55-9a84-4557-b978-3df1c52b40cc",
          "storageType" : "DISK",
          "topologyPath" : "/default-rack/172.18.0.10:9866"
        } ]
      } ]
    }, {
      "file" : "HdfsLocatedFileStatus{path=hdfs://nodemaster:9000/tmp/hive/hadoop/a68f8837-7a21-49bc-bbfa-af3d37bf9ba9/hive_2020-06-26_20-41-33_749_7556052199197982424-1/-mr-10004/000018_0; isDirectory=false; length=243; replication=3; blocksize=134217728; modification_time=1593204199994; access_time=1593204199929; owner=hadoop; group=supergroup; permission=rw-r--r--; isSymlink=false; hasAcl=false; isEncrypted=false; isErasureCoded=false}",
      "blockList" : [ {
        "blockId" : 0,
        "replicaList" : [ {
          "replicaId" : 1,
          "location" : "172.18.0.3:9866",
          "storageId" : "DS-ce3ee9c6-b271-4604-8eed-6aa6bc320b3d",
          "storageType" : "DISK",
          "topologyPath" : "/default-rack/172.18.0.3:9866"
        }, {
          "replicaId" : 2,
          "location" : "172.18.0.4:9866",
          "storageId" : "DS-bcb35d91-4542-488b-8c6c-3e2175a6a856",
          "storageType" : "DISK",
          "topologyPath" : "/default-rack/172.18.0.4:9866"
        }, {
          "replicaId" : 3,
          "location" : "172.18.0.6:9866",
          "storageId" : "DS-e6ea3630-3552-4bcd-823d-aad05e067c54",
          "storageType" : "DISK",
          "topologyPath" : "/default-rack/172.18.0.6:9866"
        } ]
      } ]
    } ]
  } ]
}