{
  "jobName" : "job_1593381723832_0050",
  "paths" : [ "hdfs://nodemaster:9000/tmp/hive/hadoop/02f6694c-0f61-4dfe-b089-13449f0455d4/hive_2020-06-28_22-40-15_044_9204610271759831063-1/-mr-10006" ],
  "locations" : [ "node2" ],
  "jobDataPaths" : [ {
    "path" : "hdfs://nodemaster:9000/tmp/hive/hadoop/02f6694c-0f61-4dfe-b089-13449f0455d4/hive_2020-06-28_22-40-15_044_9204610271759831063-1/-mr-10006",
    "filesList" : [ {
      "file" : "HdfsLocatedFileStatus{path=hdfs://nodemaster:9000/tmp/hive/hadoop/02f6694c-0f61-4dfe-b089-13449f0455d4/hive_2020-06-28_22-40-15_044_9204610271759831063-1/-mr-10006/000000_0; isDirectory=false; length=415007; replication=3; blocksize=134217728; modification_time=1593384263684; access_time=1593384263478; owner=hadoop; group=supergroup; permission=rw-r--r--; isSymlink=false; hasAcl=false; isEncrypted=false; isErasureCoded=false}",
      "blockList" : [ {
        "blockId" : 0,
        "replicaList" : [ {
          "replicaId" : 1,
          "location" : "172.18.0.10:9866",
          "storageId" : "DS-ea63fcef-5705-488a-93d5-dad11ece7d18",
          "storageType" : "DISK",
          "topologyPath" : "/default-rack/172.18.0.10:9866"
        }, {
          "replicaId" : 2,
          "location" : "172.18.0.3:9866",
          "storageId" : "DS-a899440d-b28f-4698-bd32-a15a1b7c88ce",
          "storageType" : "DISK",
          "topologyPath" : "/default-rack/172.18.0.3:9866"
        }, {
          "replicaId" : 3,
          "location" : "172.18.0.8:9866",
          "storageId" : "DS-2b298e07-0e2a-4514-b8ac-6060de687a12",
          "storageType" : "DISK",
          "topologyPath" : "/default-rack/172.18.0.8:9866"
        } ]
      } ]
    } ]
  } ]
}