{
  "jobName" : "job_1593381723832_0045",
  "paths" : [ "hdfs://nodemaster:9000/tmp/hive/hadoop/02f6694c-0f61-4dfe-b089-13449f0455d4/hive_2020-06-28_22-40-15_044_9204610271759831063-1/-mr-10004", "hdfs://nodemaster:9000/user/hive/warehouse/supplier" ],
  "locations" : [ "node10", "node2" ],
  "jobDataPaths" : [ {
    "path" : "hdfs://nodemaster:9000/tmp/hive/hadoop/02f6694c-0f61-4dfe-b089-13449f0455d4/hive_2020-06-28_22-40-15_044_9204610271759831063-1/-mr-10004",
    "filesList" : [ {
      "file" : "HdfsLocatedFileStatus{path=hdfs://nodemaster:9000/tmp/hive/hadoop/02f6694c-0f61-4dfe-b089-13449f0455d4/hive_2020-06-28_22-40-15_044_9204610271759831063-1/-mr-10004/000000_0; isDirectory=false; length=231; replication=3; blocksize=134217728; modification_time=1593384037163; access_time=1593384037097; owner=hadoop; group=supergroup; permission=rw-r--r--; isSymlink=false; hasAcl=false; isEncrypted=false; isErasureCoded=false}",
      "blockList" : [ {
        "blockId" : 0,
        "replicaList" : [ {
          "replicaId" : 1,
          "location" : "172.18.0.10:9866",
          "storageId" : "DS-ea63fcef-5705-488a-93d5-dad11ece7d18",
          "storageType" : "DISK",
          "topologyPath" : "/default-rack/172.18.0.10:9866"
        }, {
          "replicaId" : 2,
          "location" : "172.18.0.11:9866",
          "storageId" : "DS-54b919db-4755-40e4-ba0f-bd4c0d175494",
          "storageType" : "DISK",
          "topologyPath" : "/default-rack/172.18.0.11:9866"
        }, {
          "replicaId" : 3,
          "location" : "172.18.0.12:9866",
          "storageId" : "DS-ff5d08e5-4f1c-44ee-ac01-eed086fb44f3",
          "storageType" : "DISK",
          "topologyPath" : "/default-rack/172.18.0.12:9866"
        } ]
      } ]
    } ]
  }, {
    "path" : "hdfs://nodemaster:9000/user/hive/warehouse/supplier",
    "filesList" : [ {
      "file" : "HdfsLocatedFileStatus{path=hdfs://nodemaster:9000/user/hive/warehouse/supplier/supplier.tbl; isDirectory=false; length=7088217; replication=3; blocksize=134217728; modification_time=1593381908815; access_time=1593381908309; owner=hadoop; group=supergroup; permission=rw-r--r--; isSymlink=false; hasAcl=false; isEncrypted=false; isErasureCoded=false}",
      "blockList" : [ {
        "blockId" : 0,
        "replicaList" : [ {
          "replicaId" : 1,
          "location" : "172.18.0.3:9866",
          "storageId" : "DS-a899440d-b28f-4698-bd32-a15a1b7c88ce",
          "storageType" : "DISK",
          "topologyPath" : "/default-rack/172.18.0.3:9866"
        }, {
          "replicaId" : 2,
          "location" : "172.18.0.7:9866",
          "storageId" : "DS-b6eba1a6-4edb-45d0-9fa5-f146a0a0ca76",
          "storageType" : "DISK",
          "topologyPath" : "/default-rack/172.18.0.7:9866"
        }, {
          "replicaId" : 3,
          "location" : "172.18.0.12:9866",
          "storageId" : "DS-ff5d08e5-4f1c-44ee-ac01-eed086fb44f3",
          "storageType" : "DISK",
          "topologyPath" : "/default-rack/172.18.0.12:9866"
        } ]
      } ]
    } ]
  } ]
}